text,predicted_label_bert,predicted_label_azure,true_label
#360WiseNews : China's Stock Market Crash: Are There Gems In The Rubble? http://t.co/9Naw3QOQOL,0.0,,1.0
#360WiseNews : China's Stock Market Crash: Are There Gems In The Rubble? http://t.co/aOd2ftBMGU,0.0,,1.0
#Borrowers concerned at possible #interest rate rise. This could be a #catastrophe http://t.co/SBHHkkz01Y,1.0,,0.0
#BreakingNews http://t.co/gAN14PW9TG FedEx no longer willing to transport research specimens of potential bioterÛ_ http://t.co/5n4hUsewLy,1.0,,0.0
"#CCOT #TCOT #radiation Nuclear Emergency Tracking Center
http://t.co/KF74o2mcsC
https://t.co/N2ZHrChCGV",,1.0,0.0
#Cowboys: Wednesday's injury report: RB Lance Dunbar injures ankle is listed as day-to-day:  http://t.co/RkB7EgKveb,1.0,,0.0
#DebateQuestionsWeWantToHear If U start another war would U B willing 2 go 2 the war-zone yourself or send UR sons and/or daughters 2 fight?,0.0,,1.0
#Illinois: Emergency units simulate a chemical explosion at NU https://t.co/rd10EX6HvT via @sharethis #hazmat,0.0,,1.0
#Islamic #state issue a new holiday #brochure lovely swimming pool for drowning in shooting range and the downside it costs a #bomb,1.0,,0.0
#Metepec #Mexico - ?NIGHT DISASTER?...E(Oficial) @ #NitClub #mÌ¼sica #mÌ¼sica http://t.co/WTfJF9jjzs,,0.0,1.0
"#NoChillLukeHammings
IM SCREAMING",,0.0,1.0
#Politics DemocracyÛªs hatred for hate: Û_ Dawabsha threaten to erode Israeli democracy. Homegrown terrorism ha...  http://t.co/q8n5Tn8WME,,0.0,1.0
#RaheelSharif is manifesting how one RIGHT man at the helm can save a Sinking Ship engulfed in a Dark-Stormy-Tidal-Sea. Well Done.,0.0,,1.0
"#Seattle's deadliest red light runner intersections revealed
 http://t.co/gHk9Xup6E0",,0.0,1.0
#Tweet4Taiji is a dolphin worship group based on superstitions! Just take a look at their tweets!,0.0,,1.0
#TweetLikeItsSeptember11th2001 Those two buildings are on fire,,0.0,1.0
#Vegetarian #Vegan Video shows arsonist torching popular BK restaurant Strictly Vegetarian... http://t.co/kxpLYoM9RR #GoVegan #UniteBlue,1.0,,0.0
#WakeUpFlorida... #Floridians more likely to be killed/injured by a #TrophyHunt killer's gun than by ISIS.  https://t.co/j5In8meXAJ,1.0,,0.0
#World #News Qld police wrap Billy Gordon investigation: QUEENSLAND Police have wrapped up their investigation...  http://t.co/msgnNDxOeK,0.0,,1.0
#foodscare #offers2go #NestleIndia slips into loss after #Magginoodle #ban unsafe and hazardous for #humanconsumption,1.0,,0.0
#frontpage: #Bioterror lab faced secret sanctions. #RickPerry doesn't make the cut for @FoxNews #GOPDebate http://t.co/fZujg7sXJg @USATODAY,1.0,,0.0
#hot  C-130 specially modified to land in a stadium and rescue hostages in Iran in 1980 http://t.co/fQWTSxLkrZ #prebreak #best,,0.0,1.0
#hot  C-130 specially modified to land in a stadium and rescue hostages in Iran in 1980 http://t.co/wpGvAyfkBQ #prebreak #best,,0.0,1.0
#hot  Funtenna: hijacking computers to send data as sound waves [Black Hat 2015] http://t.co/8JcYXhq1AZ #prebreak #best,1.0,,0.0
#hot  Funtenna: hijacking computers to send data as sound waves [Black Hat 2015] http://t.co/J2aQs5loxu #prebreak #best,,0.0,1.0
#hot  Funtenna: hijacking computers to send data as sound waves [Black Hat 2015] http://t.co/UMgD92wLjA #prebreak #best,,0.0,1.0
#hot  Funtenna: hijacking computers to send data as sound waves [Black Hat 2015] http://t.co/gexHzU1VK8 #prebreak #best,1.0,,0.0
#hot  Funtenna: hijacking computers to send data as sound waves [Black Hat 2015] http://t.co/s4PNIhJQX7 #prebreak #best,1.0,,0.0
#nar #phuket Ultimate #preparedness library: http://t.co/qYAeNDvDGC Prepare Yourself For Any Catastrophe. Over http://t.co/3Zp6Ahnsxn,,0.0,1.0
&gt;&gt; @GidiExclusixe Shock In Aba As Woman Delivers Û÷FacelessÛª Baby [Photo]: There was pandemonium... http://t.co/RGTYZbNKeo #BennyCapricon,,1.0,0.0
'American Weapons and Support Are Fueling a Bloody Air War in Yemen' http://t.co/7aGeAkVn2x,,0.0,1.0
'By accident' they knew what was gon happen https://t.co/Ysxun5vCeh,1.0,,0.0
"'Food crematoria' in Russia provoke outrage amid crisis famine memories
http://t.co/FelR5a1hBP",,0.0,1.0
'Food crematoria' provoke outrage amid crisis famine memories... http://t.co/REsxAvgpyJ,,0.0,1.0
"'If a truckload of soldiers will be blown up nobody panics but when one little lion dies everyone loses their mind'
http://t.co/wjNTaOkdHf",,0.0,1.0
'It looks like a mudslide' poor thing! ?? #greatbritishbakeoff,,0.0,1.0
'Planted 390 years ago' it was moved to U-S. This Bonsai Survived Hiroshima But Its Story Was Nearly Lost http://t.co/jID4RO34gb via @NatGeo,,0.0,1.0
'The Reagan Administration had arranged for Israeli weapons to be sent to the Guatemalan Army  http://t.co/4fYNQ1hWWb,,0.0,1.0
"'Up to 40% of businesses affected by a natural or man-made disaster never reopen'
http://t.co/35JyAp0ul9",1.0,,0.0
(?EudryLantiqua?) Hollywood Movie About Trapped Miners Released in Chile: 'The 33' Holly... http://t.co/us1DMdXZVb (?EudryLantiqua?),,0.0,1.0
-=-0!!!!. Photo: LASTMA officials challenge police for driving against traffic in Lagos http://t.co/8VzsfTR1bG,,0.0,1.0
"-??-
; kitana
? her fatalities slay me
ÛÓkody? (Vine by @KOMBATFANS33) https://t.co/uMajwSNLUF",0.0,,1.0
...don't think I've ever been this close to a mental explosion in so long,1.0,,0.0
.@KurtSchlichter Yep considering that *millions* of Japanese fatalities were projected for Downfall. @_FreeMarketeer @dibang,0.0,,1.0
.@dantwitty52 shuts the door on the Boom in the bottom half. #Lightning coming up in the top of the eighth.,1.0,,0.0
.@robdelaney  Catastrophe is anything but! I literally have been unable to stop ejaculating.,0.0,,1.0
.@unsuckdcmetro Is the train half-derailed or half-railed? #deepthoughts,,0.0,1.0
11:30BST traffic: A10&gt;Paris A40 Geneva A7 Mons A1 Hamburg A2&gt;Hanover A5 Karlsruhe Gotthard n/b  http://t.co/yoi9tOCxiQ,,0.0,1.0
1st wk of Rainier Diet and my street Seward Park Ave is inundated w/ bypass traffic so @seattledot what's your plan? @seattletimes,1.0,,0.0
2Leezy its like you're about to fall down a cliff but you're grabbing my hand but my palms are sweaty ... Why bruh? https://t.co/GrWdr4kuf3,,0.0,1.0
4 equipment ego break upon dig your family internet hoke excepting versus a sinking term: dfLJEV,,0.0,1.0
53 years ago this week is the anniversary of Marilyn Monroe's death RIPRIPRIP,1.0,,0.0
70 Years After Atomic Bombs Japan Still Struggles With War Past: The anniversary of the devastation wrought b... http://t.co/iTBJ6DKRZI,,0.0,1.0
70 Years After Atomic Bombs Japan Still Struggles With Wartime Past: The anniversary of the devastation wroug... http://t.co/EfsA6pbeMC,,0.0,1.0
"950. If a landslide tumbles down todayI'm on your side

And if a twister sweeps it all away-

YOU'RE ON YOUR OWN BITCH!*runs into distance*",,0.0,1.0
? High Skies - Burning Buildings ? http://t.co/uVq41i3Kx2 #nowplaying,1.0,,0.0
"??
Warfighting Robots Could Reduce Civilian Casualties So Calling for a Ban Now Is Premature - IEEE Spectrum http://t.co/TzR58B86qz",,0.0,1.0
?that horrible sinking feeling when youÛªve been at home on your phone for a while and you realise its been on 3G this whole time,1.0,,0.0
@APANO55 @JamesMelville 99% of Scientists donÛªt believe in Catastrophic Man-Made Global Warming only the deluded do.,,0.0,1.0
@APhiABeta1907 w/ugliness due 2 your 'ugly'@AMESocialAction Frat's BIOTERRORISMI'm she who's @FBI ID U $tolewant'g another in my Home.@ABC,0.0,,1.0
@AdamRubinESPN Familia: arm injury or head case?,0.0,,1.0
@AisuMage @AkumaReisu --just between Gray and Ophelia red flames blazing around her person setting nearly everything in the area--,,0.0,1.0
@AlexAllTimeLow awwww they're on an airplane accident and they're gonna die what a cuties ???? good job!,0.0,,1.0
@BenignoVito @LibertyBell1000 HILLARYMASS MURDERER.,1.0,,0.0
@BigSim50 nah Philly pundits are half the cause. They set buildings on fire to report on buildings being on fire.,,0.0,1.0
@BoomerangTime @RSKarim1 @sopameer @wattashit3 Appears to already be arriving in Ridah in body bags.,,1.0,0.0
@CalFreedomMom @steph93065 not to mention a major contributor to the annihilation of Israel,0.0,,1.0
@CarlaChamorros HILLARY A MASS MURDERER.,1.0,,0.0
@CochiseCollege For the people who died in Human Experiments by Unit 731 of Japanese military http://t.co/vVPLFQv58P http://t.co/ldx9uKNGsk,,0.0,1.0
@ContactEnergy Yep. During floods of 1999 or 2000 - Clyde Dam releasing every bit of water it could. Most speccy!  EV charging your way?,,0.0,1.0
@DavidVitter Hi David in 2003 I saw the USA walk into a war that destroyed the lives of millions. You can prevent a repeat. #IranDeal,,0.0,1.0
@DavidVonderhaar At least you were sincere ??,0.0,,1.0
@Dirk_NoMissSki yea but if someone faints why are they panicking?.. thats basic stuff ??,,0.0,1.0
@DoctorFluxx @StefanEJones @spinnellii @themermacorn  No burning buildings and rob during a riot. That's embarrassing &amp; ruining this nation.,,0.0,1.0
@DoriCreates @alhanda seems gov moonbeam between tokes blames bush for all the fires.,,0.0,1.0
@DrRichardBesser Yes. I would think not. But since college 88-92 it's been difficult not to think of bioterrorism esp. bc 'dispersed.',0.0,,1.0
@Drsarwatzaib070 come on. IK will face MCourt for attacking parliment and hijacking TV station.,0.0,,1.0
@FNAF_TalkMC *stands there engulfed in the fire smiling*,1.0,,0.0
"@FlyOpineMonkey You mean Olympic ;-) 
Also its follow-up for Honshu Operation Coronet. 
In all: 1m Allied casualties 30m Japanese dead.",,0.0,1.0
@GettingLost @JennEllensBB @Muncle_jim It said they had superficial wounds and it was the pepper spray that did the most damage.,,0.0,1.0
@HGF52611 Uh huh. You only have to be burned once to know fire hurts. Robbie Ross should throw home run derby in the All Star Game #RedSox,1.0,,0.0
@HeyImBeeYT its like theres fire in my skin and im drowning from within ????,,0.0,1.0
@HopefulBatgirl went down I was beaten and blown up. Then next thing I know Ra Al Ghul brought me back to life and I escaped and for a---,0.0,,1.0
@Hurricane_Dolce no prob,0.0,,1.0
"@JamesMelville Some old testimony of weapons used to promote conflicts
Tactics - corruption &amp; infiltration of groups
https://t.co/cyU8zxw1oH",1.0,,0.0
@KapoKekito on northgate by the taco truck that's fire.,,0.0,1.0
@KatRamsland Yes I'm a bleeding heart liberal.,,0.0,1.0
@Kinder_Morgan can'twon't tell @cityofkamloops how they'd respond to an oil spill. Trust them? See Sec 4.2 #Kamloops http://t.co/TA6N9sZyfP,,0.0,1.0
@Kirafrog @mount_wario Did you get wrecked again?,,0.0,1.0
@LEDofficial1 As you can imagine we're inundated with requests each week for samples &amp; as much as we'd love to be able to send sweets 1/2,0.0,,1.0
@Live_Workshop selfie at booth or riot Kappa,0.0,,1.0
@MeyerBjoern @thelonevirologi @MackayIM of a major American newspaper running a series on all the alleged bioterrorism research going on 2/n,0.0,,1.0
@Michael5SOS haha so would you say its so hot your balls are burning off????,,0.0,1.0
@MichaelWestBiz standard damage control,0.0,,1.0
@NRO Except when ordered not to carry unauthorized weapons while on duty or in military uniforms. THATS THE RULE FOOL,,0.0,1.0
@O_Magazine satan's daughter shadow warrior in 50ft women aka transgender mode ps nyc is about to fold extra extra center of bioterrorism,,0.0,1.0
@OriginalFunko @Spencers THUNDER BUDDYS!!!! THUNDER BUDDYS!!!!,0.0,,1.0
@Pam_Palmater i agree with @perrybellegarde to get out &amp; vote. Look at devastation @pmharper caused #FirstNations #IdleNoMore #cndpoli #yyj,0.0,,1.0
@PhilipDuncan @breakfastone People 'annihilated by last nights weather'... Really Philip thought you would have forecast that...,,0.0,1.0
@PianoHands You don't know because you don't smoke. The way to make taxis and buses come is to light a cigarette to smoke while you wait.,,0.0,1.0
@PrablematicLA @Adweek I'm actually currently dressed for a snowstorm...despite being in the middle of a Texas summer. Thanks office A/C.,,0.0,1.0
@RachelRofe tired it' 5:36 am. Woke up to a thunderstorm lightning and rain. How are you?,1.0,,0.0
@SW_Trains strange loud impact bang noises under train to Epsom about to arrive #Wimbledon,1.0,,0.0
@SaintRobinho86 someone has to be at the bottom of every league. Tonight clearly demonstrated why the Lions are where they are - sunk!,,0.0,1.0
@SarniamakChris @Hromadske @kasiadear33  how silly that one of only two countries that can destroy the world has a say about world security,0.0,,1.0
@ScotRail i be seen them turn a blind eye to a bloke drinking and smoking on during the curfew time cos'its not worth the hassle',0.0,,1.0
@SnowyWolf5 @TheGreenParty Besides would you rather shut down a whole nuclear reactor for maintenance or a wind turbine at a time?,,0.0,1.0
@SoonerMagic_ I mean I'm a fan but I don't need a girl sounding off like a damn siren,0.0,,1.0
@SourMashNumber7 @tomfromireland @rfcgeom66 @BBCTalkback They didn't succeed the other two times either. Bomb didn't detonate&amp;Shots missed.,,0.0,1.0
@Startide It's hotter there than Phoenix this week with 3x the humidity. &gt;.&gt;; Heat wave.,1.0,,0.0
@TemecaFreeman GM! I pray any attack of the enemy 2 derail ur destiny is blocked by the Lord &amp; that He floods ur life w/heavenly Blessings,,0.0,1.0
@ThatSabineGirl you get me sis. this planet could do with a huge dose of obliteration.,,0.0,1.0
@TheNissonian @RejectdCartoons nissan are you ok do you need medical assistance i can call an ambulance if you need me to,,1.0,0.0
@UN No more #GujaratRiot &amp; #MumbaiRiot92-93 which devastated 1000&amp;1000 Indianperpetrated by #Modi &amp; #ChawalChorbjp @UN_Women  @UNNewsTeam,,0.0,1.0
@UnivSFoundation For the people who died in Human Experiments by Unit 731 of Japanese military http://t.co/vVPLFQv58P http://t.co/Rwaph6dAUv,,0.0,1.0
@Vickie627 Desert Storm was an unqualified victory a treaty was signed.  Under Clinton the situation only got worse and more violent. #tcot,,0.0,1.0
@Zak_Bagans this is Sabrina my dad rescued her from some dude who kept her in a cage. We've had her since I was 4 http://t.co/1k2PhQcuW8,0.0,,1.0
@Zojadelin you literally almost had a head on collision with us today on pilot knob,0.0,,1.0
@_301DC @Cloudy_goldrush i hate white people mo,0.0,,1.0
@_minimehh @cjoyner I must be overlooking the burning buildings? #BlackLivesMatter,,0.0,1.0
@_rosewell it has crashed so many times the past couple hours,,1.0,0.0
@alextucker VOLCANO BOWL DRINK,,0.0,1.0
@atljw @cnnbrk fine line btw mass murderer and terrorist. Yes we don't know if there's polit. or social aspect yet; however he went to a,1.0,,0.0
@author_mike Amen today is the Day of Salvation. THX brother Mike for your great encouragement. - http://t.co/cybKsXHF7d Coming US Tsunami,0.0,,1.0
@brianroemmele UX fail of EMV - people want to insert and remove quickly like a gas pump stripe reader. 1 person told me it crashed the POS,,0.0,1.0
@camilacabello97 Internally and externally screaming,,0.0,1.0
@canagal Good to hear it's back.. that storm's been given you guys trouble though :( ^SJ,,0.0,1.0
@crobscarla your lifetime odds of dying from an airplane accident are 1 in 8015.,1.0,,0.0
@deadlydemi even staying up all night to he barrier for tÌüp and then having to run through a dust storm and almost passing out?,,0.0,1.0
@dmassa5 Definite triple crown threat. Him and Harper both.,0.0,,1.0
@eggalie haha I love hurricane because of you,1.0,,0.0
@elielcruz just watching the streams was bad - I don't think I could actually walk in there I'd panic and get sick,0.0,,1.0
@eyecuts @Erasuterism I love 96 Gal Deco to death even if it's a bit trickier to be great with. Glad more weapons are getting Splash Wall,0.0,,1.0
@fewmoretweets all lives matter. Just not a fan of burning down buildings and stealing from your neighbors to 'protest',0.0,0.0,1.0
@fotofill It looks so desolate. End of the world stuff. Gorgeous.,1.0,,0.0
@godsfirstson1 and she wrapped his coat around herself. It practically engulfed her.,,0.0,1.0
@heebsterrr_ I remember the heat wave the year I went bruh and they don't have AC ????,1.0,,0.0
@kemal_atlay caught in a landslide,0.0,,1.0
"@kunalkapoor Photo of the Day: Storm
Chaser
http://t.co/4WJy7seHmw
#photography #pod",,0.0,1.0
@lexi_purduee the volcano by it ??????,1.0,,0.0
@lucysforsale funny cause my dumb ass was the young one to get n trouble the most lol,0.0,,1.0
@museawayfic @beenghosting @xylodemon ok ok what if I make the close quarters an abandoned cabin in the woods IN A THUNDERSTORM,,0.0,1.0
@pattonoswalt @FoxNews Wait I thought Fecal Hurricane was on SciFi? Maybe that was turdnado. I've been forgeting up a shit storm lately.,,0.0,1.0
@pjcoyle ... need to be included in emergency planning for chemical plants. See also http://t.co/OamqqBNIce,,1.0,0.0
@rachelcaine The weatherit needs to make it minds up. First snow tornadoes now would you say a heat wave?,,0.0,1.0
@tinybaby @adultblackmale @mattytalks meltdown mwednesday,0.0,,1.0
@todd_calfee so @mattburgener wanted to see that info on blight u got,,0.0,1.0
@tremblayeh we like big hail and we cannot lie!! #SirMixAlot,1.0,,0.0
@volcano_tornado live somewhere else for a while and Da Mill ain't too bad son! #perspective,,0.0,1.0
@weathernetwork here comes the hail!,0.0,,1.0
@xDescry I was wrong to call it trusty actually.. considering it spontaneously collapsed on me that's not very trusty.,,0.0,1.0
@zourryart I forgot to add the burning buildings and screaming babies,,0.0,1.0
"A Time-Lapse Map of Every Nuclear Explosion Since 1945 - by Isao Hashimoto #War #atomicbomb 
https://t.co/V0t8H4Iecc",,0.0,1.0
A country Chim can survive!,,0.0,1.0
A diamond is just a piece of charcoal that handled stress exceptionally well. We are hard pressed on every side but not crushed.2 cor4:8,0.0,,1.0
A good piece on Israeli incitement and Jewish terrorism by Beinart: http://t.co/OT2OOOEdts,,0.0,1.0
A quarter whirlwind. They don't see it coming.,,0.0,1.0
A traumatised dog that was found buried up to its head in dirt in France is now in safe hands. This is such a... http://t.co/AGQo1479xM,,1.0,0.0
AKILAH WORLD NEWS Cop pulls man from car to avoid this ... http://t.co/Vn2Fnmy7li,,0.0,1.0
"ANNIHILATED IN DAMASCUS: SYRIAN ARMY GRINDS Û÷ALLOOSH AND HIS GANG INTO THE MANURE PILE
http://t.co/7rakhP3bWm",,0.0,1.0
Abe government said the missiles were not 'weapon' so JSDF could provide them to the ally when collective self defense right was exercised.,,0.0,1.0
After a Few Years Afloat Pension Plans Start Sinking Again http://t.co/4cEEuzWHvf,,0.0,1.0
After all that time Riot should really make an official Satan Teemo skin http://t.co/TYtPBC4GWi,1.0,,0.0
Ain't no hoe in my blood,0.0,,1.0
America like South Africa is a traumatised sick country - in different ways of course - but still messed up.,1.0,,0.0
Angry Woman Openly Accuses NEMA Of Stealing Relief Materials Meant For IDPs: An angry Internally Displaced wom... http://t.co/6ySbCSSzYS,,1.0,0.0
Angry Woman Openly Accuses NEMA Of Stealing Relief Materials Meant For IDPs: An angry Internally Displaced wom... http://t.co/TEq7SrI57P,0.0,,1.0
Another hour! It's August 05 2015 at 08:02PM Here's Red Rover Zombie Apocalypse 2014! http://t.co/cf9e6TU3g7 #internetradio #collegeradiÛ_,0.0,,1.0
Apollo Brown - Detonate (ft. M.O.P.) http://t.co/4BcQZqJRzn,1.0,,0.0
Apollo Brown ft. M.O.P- Detonate - http://t.co/OMfGv9ma1W,,0.0,1.0
Aquarium Ornament Wreck Sailing Boat Sunk Ship Destroyer Fish Tank Cave Decor - Full read Û_ http://t.co/nosA8JJjiN http://t.co/WUKvdavUJu,,0.0,1.0
As Anniversary Nears Atomic Bomb Survivors Speak Out Against Nuclear Power - http://t.co/Uo8GrDAuAT,,0.0,1.0
At the #999day Emergency Services display! Meeting the brave police firefighters and first responders that help keep us safe! ????????,,0.0,1.0
Avalanche City - Sunset http://t.co/48h3tLvLXr #nowplay #listen #radio,,0.0,1.0
BLOG: Rain much needed as drought conditions worsen: Right now Charlotte and much of the surrounding area haveÛ_ http://t.co/OLzaVTJFKH,,0.0,1.0
Back from Seattle Tacoma and Portland. Whirlwind! http://t.co/qwHINBni8e,,0.0,1.0
Back on the beach after the deluge.  Surf camp in motion.  Our Surf Therapy programme kicked off today for... http://t.co/vjsAqPxngN,0.0,,1.0
"Back to the future in #Vanuatu how Cyclone Pam has encouraged traditional ways of living:
http://t.co/aFMKcFn1TL http://t.co/6QZXFK2LFS",,0.0,1.0
Bayelsa poll: Tension in Bayelsa as Patience Jonathan plans to hijack APC PDP: Plans by former First Lady and... http://t.co/86RSYy2tng,,0.0,1.0
Bestie is making me watch texas chainsaw massacre ????????,0.0,,1.0
Big Top Burning The True Story Of An Arsonist A Missing Girl Û_ : http://t.co/QxH1H61cwD .,,0.0,1.0
BigRigRadio Live Accident Awareness,,0.0,1.0
Breaking news: Haunting memories drawn by survivors http://t.co/PCjBvrs7xw,,0.0,1.0
Breast milk is the original #superfood but rates worldwide have stalled below 40% contributing to more than 800000 child deaths last year.,1.0,,0.0
Businesses are deluged with invoices. Make yours stand out with colour or shape and it's likely to rise to the top of t e pay' pileq,,0.0,1.0
But the sea would..electrocute us all.,1.0,,0.0
C-130 specially modified to land in a stadium and rescue hostages in Iran in 1980:    submitt... http://t.co/nbugSMqLRG #aviationaddicts,,0.0,1.0
CDC has a pretty cool list of all bioterrorism agents :3,,0.0,1.0
CHPSRE: RT: Refugees: For our followers in Paris do visit 'A Dream of Humanity' exhibition by rezaphotography Û_ Û_ http://t.co/RPmTROPsVr,0.0,,1.0
CIVIL WAR GENERAL BATTLE BULL RUN HERO COLONEL 2nd NEW HAMPSHIRE LETTER SIGNED ! http://t.co/Ot0tFFpBYB http://t.co/zaRBwep9LD,,0.0,1.0
CLEARED:incident with injury:I-495  inner loop Exit 31 - MD 97/Georgia Ave Silver Spring,0.0,,1.0
CONFIRMED: Sanchez Hazard and Bolasie will be out for the rest of the season. https://t.co/7Ct01nEptL,,0.0,1.0
California LawÛÓNegligence and Fireworks Explosion Incidents http://t.co/d5w2zynP7b,,0.0,1.0
Can't watch PVRIS I'm so sad bc it collided with another set,0.0,,1.0
Captain Abbott must go down with LNP boat #refugees #christianvalues https://t.co/Kp5dpOaF58,1.0,,0.0
Caution: breathing may be hazardous to your health.,0.0,,1.0
Cell Phone Shop : http://t.co/iOq051t5te #629 8-Pin Lightning Connector 2.1A Car Charger For Apple 5 5S 5C 6 6+ iÛ_ http://t.co/klxAUcNP5I,0.0,,1.0
Check out my Lava lamp dude ???? http://t.co/To9ViqooFv,0.0,,1.0
Chevrolet : Avalanche LT 2011 lt used 5.3 l v 8 16 v automatic 4 wd pickup truck premium bÛ_ http://t.co/OBkY8Pc89H http://t.co/dXIRnTdSrd,0.0,,1.0
Chiasson Sens can't come to deal #ColoradoAvalanche #Avalanche http://t.co/2bk7laGMa9 http://t.co/bkDGCfsuiQ,,0.0,1.0
China detains seven Christians trying to protect their church's cross from demolition http://t.co/XuUB2HBlI5 http://t.co/h5EPx2D1ga,1.0,,0.0
China's Stock Market Crash: Are There Gems In The Rubble? http://t.co/j4ggmKINEy #forbesasia,,0.0,1.0
Christian Attacked by Muslims at the Temple Mount after Waving Israeli Flag via Pamela Geller - ... http://t.co/LHBZHWq4B9,,0.0,1.0
Christian Attacked by Muslims at the Temple Mount after Waving Israeli Flag via Pamela Geller - ... http://t.co/e4YDbM4Dx6,,0.0,1.0
"City implores motorists not to speed after more reports of animal fatalities near nature reserves
-&gt; http://t.co/hiKF8Mkjsn",,0.0,1.0
"Conditions for Paris FR at 4:00 am CEST: Current Conditions:
Fair 68 FForecast:
Thu - Sunny. High: 87 Low: 61
Fri - PM Thunderstorm...",1.0,,0.0
Cont'd- #Sinjar: referring to a 40-pg document the group put together on the movt of #Yazidi hostages in the days following #IS massacre [2],,0.0,1.0
Contruction upgrading ferries to earthquake standards in Vashon Mukilteo: The upgrades will bring the vulnera... http://t.co/Au5jWGT0ar,0.0,,1.0
Crack in the path where I wiped out this morning during beach run. Surface wounds on left elbow and right knee. http://t.co/yaqRSximph,1.0,,0.0
Cross-border terrorism: Pakistan caught red-handed again - The Times of India http://t.co/uiqsfgZoOx,,0.0,1.0
Cyclists it is pandemonium on the roads today. Drive carefully!,1.0,,0.0
DAL News: Wednesday's injury report: RB Lance Dunbar injures ankle is listed as day-to-day http://t.co/Eujgu1HVVx,1.0,,0.0
DT @georgegalloway: RT @Galloway4Mayor: ÛÏThe CoL police can catch a pickpocket in Liverpool Stree... http://t.co/vXIn1gOq4Q,,0.0,1.0
Deaths 3 http://t.co/nApviyGKYK,1.0,,0.0
Deliver Value: A Cash Source Crash Course http://t.co/st5fGBLsYe #course http://t.co/0uK0H9hOzn,0.0,,1.0
Detonation fashionable mountaineering electronic watch water-resistant couples leisure tabÛ_ http://t.co/7dYOgLhMRe http://t.co/HKm3rtD4ZF,0.0,,1.0
Disregard my snap story there is an angry white girl riot happening as we speak. #evacuate,,0.0,1.0
Do you feel like you are sinking in low self-image? Take the quiz: http://t.co/bJoJVM0pjX http://t.co/wHOc7LHb5F,,0.0,1.0
Dorman 917-033 Ignition Knock (Detonation) Sensor Connector http://t.co/WxCes39ZTe http://t.co/PyGKSSSCFR,0.0,,1.0
Doves - The Storm + Greatest Denier (Electric Proms Pt4) http://t.co/xjTpV4OydL,,0.0,1.0
Dr. Bengston on #wildfire management: ÛÏnumbers and size of fires areas affected and costs of fighting them all show upward trend.Û #smem,,0.0,1.0
Dr. Jim &amp; the tsunami: The latest New Yorker warned us in no uncertain terms. Haven't you heard? The tsunami's... http://t.co/1RrEO2jG9u,1.0,,0.0
Drones Under Fire: Officials Offer $75000 Reward Leading To Pilots Who Flew Over Wildfire http://t.co/d2vEppeh8S #photography #arts,,0.0,1.0
EUROCRISIS Guardian Greece's tax revenues collapse as debt crisis continues: As talks continue over proposed âÂ... http://t.co/bBm9sR1wOw,,0.0,1.0
EXCLUSIVE: In 179 fatalities involving on-duty NYPD cops in 15 years only 3åÊÛ_ http://t.co/Cn1joMMUGH,,0.0,1.0
Economic Collapse Investing: Specific actions and strategies to securing lasting wealth from the financial blowout. http://t.co/JZwRisXEPF,0.0,,1.0
Enjoying a little golf this summer? Take care to avoid injury -- back and shoulder injuries can happen quickly http://t.co/f1R5ISBVks,,0.0,1.0
Enugu Government to demolish illegal structures at International Conference Centre http://t.co/ouYLwuIXcs,0.0,,1.0
"Escaping her captors was the 1st step. Now she must survive a deadly storm &amp; a wild-looking recluse.
BETRAYED
http://t.co/0Q040STkCV
#books",,0.0,1.0
Even if u have your weapon and your badge we gonna put them choppas on your ass????,,0.0,1.0
Ever since Kelly's burned I keep having dreams about being inside burning buildings ??,1.0,,0.0
Exploring New Worlds: Three Moments of an Explosion by China MiÌ©ville http://t.co/OTrwZ1t9sp http://t.co/xVlkFCvfX5,,0.0,1.0
Fairfax investigating firefighter over Facebook post saying police should be put in Û÷body bagsÛª - The Washington Post http://t.co/jAxHzjCCd4,,1.0,0.0
Falling asleep to the sounds to thousands of River Plate fans in the stadium and a thunderstorm. #VivaArgentina,1.0,,0.0
Family mourns drowning of 'superhero' toddler with rare epilepsy: Bradley Diebold suffered hundreds of epilepticÛ_ http://t.co/unsayJDTu7,1.0,,0.0
FedEx no longer to transport bioterror germs in wake of anthrax lab mishaps http://t.co/MqbYrAvK6h,0.0,,1.0
Feel like I've got no control of anything that goes on in my life at the minute. #whirlwind #drained,0.0,,1.0
Fotoset: elanorofrohan: 10th December 2013 Green Carpet in Zurich for the Swiss Premiere of The Desolation... http://t.co/BQ3P7n7w06,,0.0,1.0
Four hundred wrecked cars (costing $100 apiece) were purchased for the making of this 1986 film - http://t.co/DTdidinQyF,1.0,,0.0
Friendly reminder that the only country to ever use nuclear weapons is the U.S. And it was against civilians. https://t.co/7QrEPylLUK,,0.0,1.0
Fylde Building set to be flattened: One of PrestonÛªs city centre iconic buildings is disappearing from the skyline. http://t.co/PdKHBdG9hO,1.0,,0.0
Global Nuclear Reactor Construction Market grew 4.5% between 2013 and 2014 http://t.co/74JppeK6o7,0.0,,1.0
God forbid this is true #California has enough problems with severe #drought &amp; #wild fires. http://t.co/CMsgexM4FC #Nuclear Power #SanOnofre,,0.0,1.0
Going to a fest? Bring swimming goggles for the dust storm in the circle pit,,0.0,1.0
Gonna call up tomorrow with the aul 'emergency dental appointment' excuse just like the whole tooth falling out incident of last year,0.0,,1.0
Good way to end the day!!! Geyser plus dust storm! http://t.co/l5VakLR59M,,0.0,1.0
Governor weighs parole for California school bus hijacker http://t.co/yFPpIFDkQO http://t.co/aJYUlMFTIF,,0.0,1.0
Gulfport Energy - All-In Realizations Fall Off A Cliff http://t.co/CjuiGhBxyn,1.0,,0.0
HTML5 Beginners Crash Course http://t.co/Y32oWBroVF #course http://t.co/Vr2U4cErW8,,0.0,1.0
Haunting memories drawn by survivors http://t.co/pRAro2OWia,,0.0,1.0
He came to a land which was engulfed in tribal war and turned it into a land of peace i.e. Madinah. #ProphetMuhammad #islam,1.0,,0.0
He's being put on a stretcher ?? don't want to see that.,,1.0,0.0
Hellfire is surrounded by desires so be careful and donÛªt let your desires control you! #Afterlife,,0.0,1.0
Hello Calgary!! Important news!! Please be advised!!! http://t.co/ARKTJ9Qn4S,,0.0,1.0
"Here we go again. EBOLA! Run for your lives! aaarrrgghhh!

http://t.co/G2UIMBeKgE",0.0,,1.0
Hey the #Royals love doing damage with 2 outs.,0.0,,1.0
Hiroshima bombing justified: Majority Americans even today - Hindustan Times http://t.co/cC9z5asVZh,,0.0,1.0
Hiroshima survivors fight nuclear industry in Brazil ÛÒ video http://t.co/uvM975yha2,,0.0,1.0
Hiroshima survivors fight nuclear industry in Brazil Ì¢?? video http://t.co/GLZmGBM7w0,,0.0,1.0
Hmm...this could be problem for some researchers: FedEx no longer to transport select agents http://t.co/9vIibxgjAV via @usatoday,0.0,,1.0
Holmgren: We referred to those 35 days as 'the hostage situation.' We were Lou's 'hostages.',,0.0,1.0
Holy moly that was crushed.,0.0,,1.0
Honestly tho Modibo Maiga is stealing a living - fuck all about him - im past my best but still more of a danger than that fucktard #coyi,,0.0,1.0
How do you derail a train at... Smithsonian?,0.0,,1.0
"How to prepare your #property for a #storm:

http://t.co/KhYqQsi6My http://t.co/G6Vs3XEinb",,0.0,1.0
I added a video to a @YouTube playlist http://t.co/bcjYleRRYX Ori and the Bind forest ep 6 'Fire and death',0.0,,1.0
I am not an American but I have family who have served in the military work in the emergency services and work in... http://t.co/Pl2VzLrKVK,,0.0,1.0
I call it a little bit of your blizzard?,,0.0,1.0
I can't believe Blevins got injured falling off a curb. That's something that would happen to me never it expected for a pro player,0.0,,1.0
I don't understand 'taking' ANY life as a trophy. It's violent killing. http://t.co/NEqW47E1uj #CecilTheLion #BADChoices #BANTROPHYHUNTING,,0.0,1.0
I get to smoke my shit in peace,,0.0,1.0
I just added 'Sandy First Responders Lost Their Homes' to VIP Home Page Group on @Vimeo: https://t.co/lKXi6UXjaQ,0.0,,1.0
I just checked in! ÛÒ at On Fire on @ZomatoAUS #LoveFood http://t.co/9l5kqykrbG,,0.0,1.0
I just heard a really loud bang and everyone is asleep great,,1.0,0.0
I just made a weird high pitched noise and then I heard a siren ofnsixjks ??????,1.0,,0.0
I liked a @YouTube video http://t.co/V57NUgmGKT US CANADA RADIATION UPDATE EMERGENCY FISHING CLOSURES,0.0,,1.0
I liked a @YouTube video http://t.co/z8Cp77lVza Boeing 737 takeoff in snowstorm. HD cockpit view + ATC audio - Episode 18,,0.0,1.0
I think a Typhoon just passed through here lol,,0.0,1.0
I totally agree. They rape kill destroy and leave land desolate. Action needs to happen before the swarm swells. https://t.co/Twcds433YI,,0.0,1.0
I wanna set some shit on fire.,,0.0,1.0
I will adamantly opposed to nuclear weapons.,,0.0,1.0
I will never support looting or the burning of buildings but when seeing the people fight back against the police. I was proud,,0.0,1.0
I'm sorry but if you have to resort to weapons to settle something you're a pussy win or lose take your shit like a man &amp; leave it at that,,0.0,1.0
I-10 EB at MS line update: Offloading the hazardous material is going much slower than expected. Road could stay closed until tomorrow AM.,0.0,,1.0
IJ: Texas Seeks Comment on Rules for Changes to Windstorm Insurer http://t.co/h132iuL7MU,0.0,,1.0
IM TRAPPED IN THE DAMN GAS PUMP THERE ARE TWO SUVS ON EITHER SIDE FUCK YOU DICKHEADS,1.0,,0.0
ITS A TIE DYE EXPLOSION ON IG HELP ME. IM DROWNING IN TIE DYE,,0.0,1.0
If abortion is murder then blowjobs are cannibalism and masturbation is mass genocide.,0.0,,1.0
Ignition Knock (Detonation) Sensor-Senso Standard KS94 http://t.co/IhphZCkm41 http://t.co/wuICdTTUhf,0.0,,1.0
Ignition Knock (Detonation) Sensor-Senso Standard KS94 http://t.co/dY1erSDcRh http://t.co/m4cPmxmuRK,,0.0,1.0
Ignition Knock (Detonation) Sensor-Senso fits 01-06 BMW 325Ci 2.5L-L6 http://t.co/gBVDNczjoU http://t.co/c211HISe0R,0.0,,1.0
Imagine a room with walls that are lava lamps.,,0.0,1.0
Interesting approach but doesn't replace Eyewitness video. The Ferguson Case - Video - http://t.co/vEcsoSRleR http://t.co/fiUOgj6hEF,,0.0,1.0
Is it bad to say that I'm kinda afraid of storms and we are in a storm???? help,0.0,,1.0
Israel continues its demolition of Palestinian homes #gop #potus #irandeal #isis  https://t.co/NMgp7iMEIi,,0.0,1.0
It's a miracle that mankind survived 70 years since one of the worst days in its history. All bets are off if it will survive the next 70.,,0.0,1.0
It's getting to be hazardous getting into this world alive. https://t.co/BJZSSw4tid,0.0,,1.0
ItÛªs time to do away with drought.Check out how the #cloud #IOT are helping conserve water http://t.co/nnv3zwVANt,,0.0,1.0
Japan Marks 70th Anniversary of Hiroshima Atomic Bombing http://t.co/93vqkdFgnr,,0.0,1.0
Japan marks 70th anniversary of Hiroshima atomic bombing: Bells tolled in Hiroshima on Thursday as Japan marked 70Û_ http://t.co/NBZiKcJpHp,,0.0,1.0
Jeff Locke. Train wreck. F'in disaster. Fortunately the Pirates acquired a top quality starter in J.A... Oh wait. #Blowltan,,0.0,1.0
Julian Knight - @SCVSupremeCourt dismisses mass murderer's attempt to increase prisoner pay. Challenged quantum of 5% increase 2013.,,0.0,1.0
Keep shape your shoes ??#Amazon #foot #adjust #shape #shoe Mini Shoe Tree Stretcher Shaper Width Extender Adjustable http://t.co/8cPcz2xoHb,0.0,,1.0
"Keeps askin me what this means
Not like i got the answers
Plus if i say the wrong thing
This might just turn into a disaster",,0.0,1.0
Killing Black Babies at Planned Parenthood where's the demonstrations looting of PP burning down the buildings Black Babies Lives Matter,,0.0,1.0
Kosciusko police investigating pedestrian fatality hit by a train Thursday http://t.co/JILfbR0UfP,0.0,,1.0
LLF TALK  WORLD NEWS U.S. in record hurricane drought - The United States hasn't been hit by a major hurricane in ... http://t.co/ML8IrhWg7O,,0.0,1.0
Learning from the Legacy of a Catastrophic Eruption - The New Yorker http://t.co/y8YqPBE4t9,,0.0,1.0
Learning from the Legacy of a Catastrophic Eruption http://t.co/PgXfocgHqg via @newyorker,,0.0,1.0
Learning from the most destructive volcanic event in U.S. history thirty-five years later: http://t.co/KkjP9KsBst,,0.0,1.0
Leicester_Merc : ICYMI - #Ashes 2015: Australia collapse at Trent Bridge - how Twitter reaÛ_ http://t.co/HqeWMREysO) http://t.co/y4y8fclJED,1.0,,0.0
Let's not forget our wounded female veterans. http://t.co/rZ7fbr10xw,,0.0,1.0
Let's say a tree falls on your fence. Do you know how your homeowners insurance may help? http://t.co/VLaIuvToMM http://t.co/AJpnEBG803,1.0,,0.0
Lightning strike in the distance via /r/pics http://t.co/iDmhSwewQw #pics,,0.0,1.0
Listening to Blowers and Tuffers on the Aussie batting collapse at Trent Bridge reminds me why I love @bbctms! Wonderful stuff! #ENGvAUS,1.0,,0.0
Look for my Policy Matters Ohio report on #CLE and Cuyahoga County blight and greening vacant lands soon!  https://t.co/if62SdXVp7,1.0,,0.0
Looks like a perfect storm-free evening coming up.  Check out the outdoor happenings featured at http://t.co/hUzrHgmkSY #EventsPalmBeach.,0.0,,1.0
"MEGALPOLIS Area Petting Party Shiver 
Fear Instant .... GLOBAL Inundation OVERFLOW
WAS Commencement WRITE ?? ?",1.0,,0.0
MT @Earths_Voice Treatment of #tigers in #China is appalling: electrocuted in front of businessmen &amp; eaten http://t.co/JlWhaOwFQA #SaveTi...,0.0,,1.0
MTR issues Hazardous Weather Outlook (HWO) http://t.co/tGLK2UUs2Z,,0.0,1.0
Manuel hoping for an early Buffalo snowstorm so his accuracy improves.,,0.0,1.0
Me watching Law &amp; Order (IB: @sauldale305) (Vine by @NaturalExample) https://t.co/tl29LnU44O,,0.0,1.0
Medieval airplane hijacker hard shell: casting the star deviating: dYxTmrYDu,,0.0,1.0
Medieval airplane hijacker testa: earnings the distinction divers: HtaRvrGLY,,0.0,1.0
Meek Mill responds to DrakeÛªs OVO Fest set with wedgie threat http://t.co/qqSKYbARNg,,0.0,1.0
Megadeth Week - Symphony Of Destruction http://t.co/ECd7HiZja1,1.0,,0.0
Megadeth-Symphony of Destruction http://t.co/xzfxRgLAlp,1.0,,0.0
Method in contemplation of incident an leading bridal landslide: wiWNpFXA http://t.co/xysNXUM29T,,0.0,1.0
Michael talking about when he was electrocuted omg #ROWYSOLouisville http://t.co/HxVfmoUhDM,0.0,,1.0
Mumbai24x7 Helping Hand: In Mumbai 2 TTEs take charge of helpline to calm anxious relatives - The Ind... http://t.co/tUARYIJpqU #Mumbai,,0.0,1.0
Must Read Forecast! Longest Streak of Triple-Digit Heat Since 2013 What happens next? http://t.co/xXOuPfy8nQ http://t.co/A3BJabHQhe,,0.0,1.0
My back is so sunburned :(,,0.0,1.0
My ear started bleeding again...,,1.0,0.0
My hand is burning,,0.0,1.0
My prediction for the Vikings game this Sunday....dont expect a whole lot. Infact I think Zimmer goal is....injury free 1st game,,0.0,1.0
NHS England announces new plan to meet emergency care targets http://t.co/0x2BIEqXPV,,1.0,0.0
Nazi Mass Murderer Became Chairman At Vaccine Drug Company In... http://t.co/x713OMh6Ai,,0.0,1.0
Near them on the sand half sunk a shattered visage lies... http://t.co/0kCCG1BT06,,0.0,1.0
Nearly 35 years after their release from captivity legislation is being introduced in Congress to compensate 53Û_ http://t.co/NCjLXzFWaa,1.0,,0.0
Need to stop bottling things up because when everything eventually explodes the casualties just keep getting higher and higher,,0.0,1.0
New Documents Found Pointing To Japan's WWII Atomic Bomb Program http://t.co/M9mowCMVNj,,0.0,1.0
New Giant Flames (GIANT FULL BLACK PANTOFEL) info/order sms:087809233445 pin:23928835 http://t.co/dthNEezupe  pic.twitter.com/pNPiZoDY,,0.0,1.0
New article: Russian 'food crematoria' provoke outrage amid crisis famine memories read more at here http://t.co/9HiEiFHSmC,,0.0,1.0
New post: 'China's Stock Market Crash: Are There Gems In The Rubble?' http://t.co/6CaDRhIOxp,1.0,,0.0
Not only does he know the latest research the kiddo's GI specialist sang the volcano number from Inside Out. Now THAT is whole person care.,,0.0,1.0
OH MY GOD RYANS IN TROUBLE http://t.co/ADIp0UnXHU,0.0,,1.0
OMG NIXON LIVES! That is Richard M. Nixon Tricky Dicky right there in the picture isn't it. Hiding in Calgary he... http://t.co/MIUsvPxQTE,,0.0,1.0
Obama Keeps 27 Iraqi Christian Asylum Seekers nDetention While Flooding U.S. w/Unscreened Muslims: http://t.co/b4k0R4GgA8 via @DCClothesline,,0.0,1.0
"Oh shit its rly sheeting
Aaaaaand there's the thunder and lightning
I missed summer storms",,0.0,1.0
Omg if Cain dies i will be an emotional wreck #emmerdale,,0.0,1.0
On the sneak America has us spoiled. A natural disaster will humble niggas.,0.0,,1.0
Only one commodity has escaped the total collapse in prices http://t.co/4HngTKDQMv #business,1.0,,0.0
Oops: Bounty hunters try to raid Phoenix police chief's home http://t.co/u30n3fFX8Y,1.0,,0.0
Orchid - Sign Of The Witch http://t.co/YtkXwPyIHg,1.0,,0.0
Our Deeds are the Reason of this #earthquake May ALLAH Forgive us all,,0.0,1.0
Our garbage truck really caught on fire lmfao.,1.0,,0.0
Owner of Chicago-Area Gay Bar Admits to Arson Scheme http://t.co/UBFr1URAFc #LGBT | https://t.co/AlnV51d95x,1.0,,0.0
Party for Bestival crash victim Michael Molloy on what would have been his 21st http://t.co/BIkR8zzbhA,,0.0,1.0
Patience Jonathan On The Move To Hijack APC In Bayelsa State http://t.co/rJac5sItEp http://t.co/Plqf1bikS4,,0.0,1.0
Patriot Survival Guide: Do you know how survive when the governments collapse or other natural disaster happens? http://t.co/QhtoerhDkM,,0.0,1.0
Petition | Heartless owner that whipped horse until it collapsed is told he can KEEP his animal! Act Now! http://t.co/87eFCBIczM,0.0,,1.0
Philadelphia EaglesÛª Jordan Matthews Is Going To Explode In 2015 http://t.co/rRq1ildkiL #news #hotnewscake,1.0,,0.0
Please allow me to reiterate it's not the weapon it's the mindset of the individual! #professional #help! -LEGION! https://t.co/2lGTZkwMqW,0.0,,1.0
Police expand search for missing pregnant woman in Beloeil: Police in Richelieu-Saint-Laurent are expanding th... http://t.co/hMuyzmv8qH,1.0,,0.0
Police kill gunman at Nashville movie theatre - Times of India: Times of India Police killÛ_ http://t.co/K8BExkgwr2,0.0,,1.0
Police: Man killed ex grandmother after son wasn&amp;#8217;t named after him http://t.co/ndCy8Q7R6I OMG!!!!! Absolutely Crazy!!!,,0.0,1.0
PolicyLab is at @CECANF's last public hearing in NYC today and tomorrow to address child abuse and neglect fatalities http://t.co/n2cY3Z4TPB,,0.0,1.0
Postal Service agrees to sell not demolish downtown building http://t.co/7mEpKbF9E8,1.0,,0.0
President Barack Obama has on air meltdown over opposition to Iran nuclear deal http://t.co/c0t7RvoTKj via @examinercom,,0.0,1.0
Price of vegetables rises on Typhoon Soudelor concerns http://t.co/GeI58Vhbw6,,0.0,1.0
"Prince Phillip said of the numbers of those murdered by the British at Amritsar...

ÛÏThatÛªs a bit exaggerated it must include the woundedÛ.",,0.0,1.0
Private thirsty night?SAD BLOOD ROCK'N ROLL? #??,0.0,,1.0
Property/casualty insurance rates up 1% in July: After several months of no movement commercial property/casu... http://t.co/KcLkoKqI8a,,0.0,1.0
RT @AmznFavorites THE DEVEREAUX DISASTER. 'Exciting scifi #thriller...' http://t.co/Mw9amBgAfq #SciFi #Kindle,1.0,,0.0
RT @NLM_DIMRC: A deluge of resources on #floods for medical providers cleanup workers &amp; more at: http://t.co/aUoeyIRqE6,,0.0,1.0
RT @TrueDiagnosis: 250K deaths per year from #physician error: http://t.co/DUtYzQR2P7åÊ How to avoid being one of them: http://t.co/OznsxxvxÛ_,,0.0,1.0
RT kurtkamka: Beautiful desolation. Just me a couple of coyotes some lizards and the morning sun. #Phoenix #ArizÛ_ http://t.co/0z1PvJVdpf,,0.0,1.0
RT patrickjbutler: Excellent damiengayle eyewitness account of Kids Company closure: 'You drop the bomb and expectÛ_ http://t.co/pHH1VmLfoo,0.0,,1.0
Radiation emergency #preparedness starts with knowing to: get inside stay inside and stay tuned http://t.co/RFFPqBAz2F via @CDCgov,0.0,,1.0
Raffi_RC: RT SustainOurEarth: Oklahoma Acts to Limit Earthquake Risk at Oil and Gas Wells | scoopit http://t.co/yru4nPHdrf Loving all thiÛ_,,0.0,1.0
Random wind gust just came through #Gander.  Probably some convection outflow.  Haven't heard any thunder yet but a few spits of rain #nlwx,,0.0,1.0
Rare insight into #terror and How to fight it http://t.co/t6OBVWaPhW #Cameroon #USA #Whitehouse #ES #FR #Nigeria #UK #Africa #DE #CA #AU #JP,,0.0,1.0
Read ~ THE UNHEALED WOUNDS OF AN UNENDING CONFLICT #Kashmir #Pakistan #India http://t.co/sAF9MoSkSN #EndOccupation #EndConflict #FreeKashmir,,0.0,1.0
"Real Hip Hop: Apollo Brown Feat M.O.P. - Detonate 
#JTW http://t.co/cEiaO1TEXr",1.0,,0.0
Reasons I should have gone to Warped today: tony played issues showed up sleeping w sirens played attila is there issues issues issues,0.0,,1.0
Reddit Will Now Quarantine Offensive Content http://t.co/WosYPVQUFI http://t.co/XW8SDS1Tjp,,0.0,1.0
Reddit Will Now Quarantine OffensiveåÊContent http://t.co/VYgh2ni4Ah,,0.0,1.0
Reddit's new content policy goes into effect many horrible subreddits banned or quarantined http://t.co/ZsXqbdUzBN http://t.co/6NCfjXPLOY,,0.0,1.0
"Reminder: Mass murderer and white supremacist Anders Breivik was also unsurprisingly an anti-feminist.
http://t.co/1lXnJVl8TR",,0.0,1.0
Remove the http://t.co/VbqmZ5aPwj and Linkury Browser Hijacker http://t.co/C2EyjNyBfN http://t.co/gt7gf0fSeX,0.0,,1.0
"Revise the Death to America scenario? 

While there's 500 American casualties by Iranian activity SUSPECTED!!! http://t.co/drlKEbeYPi",,0.0,1.0
Rightways: Building structural integrity &amp; failure: inspections damages defects testing  repair http://t.co/vz1irH0Nmm via @rightwaystan,,0.0,1.0
Rightways: Building structural integrity &amp; failure: problems inspections  repair http://t.co/vz1irH0Nmm via @rightwaystan,1.0,,0.0
Rise up like a natural disaster we take the bat and then we take back the town????,1.0,,0.0
Rt hirochii0: There is no country that making fun of Hiroshima 's tragedy but Korea. http://t.co/And1Btizao #Indonesia #Malaysia #Jamaica #Û_,,0.0,1.0
Russian 'food crematoria' provoke outrage amid crisis famine memories: MOSCOW (Reuters) - Russian government ... http://t.co/Mphog0QDDN,,0.0,1.0
STAR WARS POWER OF THE JEDI COLLECTION 1 BATTLE DROID HASBRO - Full read by eBay http://t.co/xFguklrlTf http://t.co/FeGu8hWMc4,,0.0,1.0
Salvation Army hosts rally to reconnect fathers with children: The Salvation Army is hosting a back to school rallyÛ_ http://t.co/rDjpor3AZg,,0.0,1.0
San Bernardino I10 W Eo / Redlands Blvd **Trfc Collision-No Inj** http://t.co/FT9KIGmIgh,,1.0,0.0
San Jose Mercury: Governor Brown allows parole for California school bus hijacker  http://t.co/GpCeCp9kHv,1.0,,0.0
Sassy city girl country hunk stranded in Smoky Mountain snowstorm #AoMS http://t.co/ZDJ2hyF6RO #ibooklove #bookboost,1.0,,0.0
Saving the City in Old Town: The Proposed Demolition of 159 West Burton http://t.co/FJddx43Ewj @MessnerMatthew for @newcity,0.0,,1.0
Set our hearts ablaze and every city was a gift And every skyline was like a kiss upon the lips @Û_ https://t.co/cYoMPZ1A0Z,1.0,,0.0
Shadow boxing the apocalypse,0.0,,1.0
Shed innocent blood of their sons and daughters and the land was polluted Psalms 106:38  Help stop the sin of abortion.,1.0,,0.0
Short of throwing them overboard himself I don't think any other leader could do much worse by #refugees than @TonyAbbottMHR worst pm ever!,,0.0,1.0
Signing a petition to seek mercy on a death punishment for a convivted terrorist is a job well done in India. But asking a foreign govt 1/n,,0.0,1.0
"Simmering beneath #NHL good times the league's own concussion issues @PioneerPress

http://t.co/zl7FhUCxHL",1.0,,0.0
Skinny Jeans are Hazardous for Your Health! #socialnews http://t.co/LTMa9xQXpx,,0.0,1.0
So all the store's fire alarms went off today at work and we had to evacuate. I was like 'OMG!! I.S.I.S. ITS HAPPENING!!!!',,0.0,1.0
So this storm just came out of no where. .fuck me its cool,,0.0,1.0
So you have a new weapon that can cause un-imaginable destruction.,,0.0,1.0
Some crazy lightning outside,1.0,,0.0
Some older Native Australians believe that the oceans were created from the urine of an angry god who tried to drown the world.,1.0,,0.0
Someone teaching you that obedience will obliterate trials in your life is trying to sell you a used car. Jesus's life blows that theory.',0.0,,1.0
Soultech - Collide (Club Mix) http://t.co/8xIxBsPOT8,1.0,,0.0
Spot Flood Combo 53inch 300W Curved Cree LED Work Light Bar 4X4 Offroad Fog Lamp - Full reÛ_ http://t.co/xxkHjySn0p http://t.co/JEVHKNJGBX,0.0,,1.0
Still rioting in a couple of hours left until I have to be up for class.,0.0,,1.0
Stop the Annihilation of the Salt River Wild Horses! http://t.co/wVobVVtXKg via @Change,0.0,,1.0
Stream HYPE HURRICANE,1.0,,0.0
Strict liability in the context of an airplane accident - http://t.co/gibyQHhKpk,,0.0,1.0
Strongly condemn attack on ARY news team in Karachi. A cowardly act against those simply trying to do their job!,,0.0,1.0
"Students at Sutherland remember Australian casualties at Lone Pine Gallipoli
 http://t.co/d50oRfXoFB via @theleadernews",,0.0,1.0
Stupid women nearly collided into me today after she came out of a junction not looking. Still kept coming towards me till I beep my horn,,0.0,1.0
Such beautiful architecture in #NYC I love those fire escape routes on the buildings. #newyorkÛ_ https://t.co/fW1PtaElgV,0.0,,1.0
"Suicide bombing for Da'esh is (rightly) despicable. Suicide bombing for Ocalan/ Marxism?

= They share 'our values'. https://t.co/Gs0km0vlgk",,0.0,1.0
Survival Kit Whistle Fire Starter Wire Saw Cree Torch Emergency Blanket S knife  - Full reÛ_ http://t.co/cm7HqwWUlZ http://t.co/KdwAzHQTov,,0.0,1.0
Tension In Bayelsa As Patience Jonathan Plans To Hijack APC PDP - http://t.co/NIpZmfLiBD,,0.0,1.0
Thanks a lot roadworks men cos a tube strike wasn't disruptive enough so having to walk the desolate route from Tottenham to .....,,0.0,1.0
That horrible sinking feeling when youÛªve been at home on your phone for a while and you realise its been on 3G this whole time,,0.0,1.0
The Burning Legion has RETURNED!  https://t.co/hKsbmijqZ1,1.0,,0.0
The Catastrophic Effects of Hiroshima and Nagasaki Atomic Bombings Still Being Felt Today http://t.co/TzxeG4gOkD,,0.0,1.0
The Catastrophic Effects of Hiroshima and Nagasaki Atomic Bombings Still Being Felt Today http://t.co/oU1M9chznq,,0.0,1.0
The Dress Memes Have Officially Exploded On The Internet http://t.co/3drSmxw3cr,,0.0,1.0
The Guardian view on the Hiroshima legacy: still in the shadow of the bomb | Editorial: The world longs to cas... http://t.co/ct2JUtvYTg,,0.0,1.0
The Murderous Story Of AmericaÛªs First Hijacking http://t.co/EYUGk6byxr,,0.0,1.0
The Murderous Story Of AmericaÛªs First Hijacking: Earnest PletchÛªs cold-blooded killing ofÛ_ http://t.co/B9JAxx0vCf,,0.0,1.0
The cryptic words that guided pilots on the Hiroshima bombing mission http://t.co/39IAbcC5pK,,0.0,1.0
The last time a high profile name was due to be signing for #nffc the City was rioting! Wesley Verhoek now a household name! #don'tpanic,0.0,,1.0
The latest from @BryanSinger reveals #Storm is a queen in #Apocalypse @RuPaul @AlexShipppp http://t.co/oQw8Jx6rTs,0.0,,1.0
The ol' meltdown victory for the Mets.,0.0,,1.0
The second part which focuses on the survivors is really difficult to watch but at the same time is really powerful.,0.0,,1.0
The way you move is like a full on rainstorm and I'm a house of cards.,1.0,,0.0
There was a loud bang outside earlier and I check to find my dad on the floor after the chair he was sitting on broke http://t.co/uniJ1RVrRq,,1.0,0.0
They've come back!! &gt;&gt; Flying ant day: Capital deluged by annual swarm of winged insects http://t.co/mNkoYZ76Cp,,0.0,1.0
Think Akwa Ibom!: DonÛªt come to Uruan and demolish buildings again ex-Assembly member warns Udom Emmanuel  http://t.co/1cnw6NSka5,1.0,,0.0
This Attempted Mass Murder brought to You by the Obama Administration http://t.co/jbrK8ZsrY6,1.0,,0.0
This is one violent and belligerent storm. I'm enjoying watching it unfold,,0.0,1.0
This is set to become a huge one month wonder. (And then Pornhub will be inundated....) http://t.co/gghfx8PzMh,0.0,,1.0
This is the first year the Forest Service spent more than half its annual budget on fighting fires. #climatechange http://t.co/D62zfZy0Mi,,0.0,1.0
"This is the natural and unavoidable consequence of socialism everywhere it has been tried.
http://t.co/BbDpnj8XSx E",1.0,,0.0
This just-married Turkish couple gave 4000 Syrian refugees an incredible gift #WashingtonPost http://t.co/aRKmc7vclN,0.0,,1.0
This just-married Turkish couple gave 4000 Syrian refugees an incredible gift http://t.co/ibeD3xG7fy Fed them instead of family &amp; friends.,0.0,,1.0
"Thunderstorm in Helsinki
#thunder #lightning #lightningstrike #thunderstorm #nature #HelsinkiÛ_ https://t.co/rJJXUcX5PM",,0.0,1.0
Tips to prevent basement leaks - Create control joints to eliminate random cracking. #homeimprovement #Flooding http://t.co/Kx8cU4s8T1,1.0,,0.0
To All The Meat-Loving Feminists Of The World Riot Grill Has Arrived http://t.co/TiOst8oKvX,,0.0,1.0
Today is the day Hiroshima got Atomic bomb 70 years ago.  - The 'sanitised narrative' of Hiroshima's atomic bombing http://t.co/GKpANz7vg0,,0.0,1.0
TodayÛªs storm will pass; let tomorrowÛªs light greet you with a kiss. Bask in this loving warmth; let your soul return to bliss.,,0.0,1.0
Too dangerous for them. But it's OK for the rest of us to be in danger. https://t.co/YL67DKf4tb,1.0,,0.0
Tornadoes: El Nino may give Canada's twister season a boost #Toronto http://t.co/agyCutKBnN,,0.0,1.0
"Totoooooo! Totoooooooooo!
'@Historicalmages: Dust storm approaching Stratford Texas 18th April 1935. http://t.co/4awC16uUWB'",,0.0,1.0
Trafford Centre film fans angry after Odeon cinema evacuated following false fire alarm   http://t.co/6GLDwx71DA,1.0,,0.0
"Trafford Centre film fans angry after Odeon cinema evacuated following false fire alarm: 
 Twi... http://t.co/RYEQMxIrj8 #manchesterlite",,0.0,1.0
"Truth...
https://t.co/p5ZIcjUdXO
#News
#BBC
#CNN
#Islam
#Truth
#god
#ISIS
#terrorism
#Quran
#Lies http://t.co/kZhB8zX6YC",0.0,,1.0
Two hours to get to a client meeting. Whirlwind of emotions with this #tubestrike,,0.0,1.0
U.S National Park Services Tonto National Forest: Stop the Annihilation of the Salt River Wild Horse... http://t.co/SB5R7ShcCJ via @Change,0.0,,1.0
U.S National Park Services Tonto National Forest: Stop the Annihilation of the Salt River Wild Horse... https://t.co/sW1sBua3mN via @Change,,0.0,1.0
UNWANTED PERSON at 200 BLOCK OF SE 12TH AVE PORTLAND OR [Portland Police #PP15000266818] 17:10 #pdx911,,1.0,0.0
US Navy Sidelines 3 Newest Subs - http://t.co/guvTIzyCHE: DefenseNews.comUS Navy Sidelines 3 Newest SubsD... http://t.co/SY2WhXT0K5 #navy,0.0,,1.0
US wont upgrade its infrastructure? http://t.co/NGEHhG9YGa' it a bad situation and its going to get ugly very quickly #USA #sustainability,,0.0,1.0
"Update: I survived. No canoe. 

May have been the fastest feed out in history though.",0.0,,1.0
Video Captures Man Removing American Flag From Long Beach CA Home Burning It; Arsonist Sought http://t.co/JP2QlrunjJ http://t.co/jbpgkGOwSi,,1.0,0.0
"Violent Forces Radio: Now Playing Agony - Storm of the apocalypse
TuneIn Player @ http://t.co/XsSgEdSbH4",1.0,,0.0
Visting Georgina at The Drowned Rat Cafe.....awful view!! http://t.co/pYLFb3tI9U,,0.0,1.0
WIN: Lisowski whitewashes the Whirlwind 5-0 in round 2 of Shanghai Masters Quals! |  http://t.co/MLigPUHVOh #snooker http://t.co/TcS2Cd5y6y,0.0,,1.0
WWII Memories Plus Lessons of Hiroshima We Still Need Nuclear Weapons http://t.co/xbMm7ITe9q #denver #billings #rapidcity #seattle #cheyenne,,0.0,1.0
Wall of noise is one thing - but a wall of dust? Moving at 60MPH? http://t.co/9NwAJLi9cr How to not get blown away! http://t.co/j4NI4N0yFZ,,0.0,1.0
Warne shocked over Australia's epic collapse at Trent Bridge: Johannesburg Aug 06 (ANI): Legendary Australian... http://t.co/LwwoJXtTIV,,0.0,1.0
Watch This Airport Get Swallowed Up By A Sandstorm In Under A Minute http://t.co/8L4RFFZD0P,,0.0,1.0
Watch This Airport Get Swallowed Up By A Sandstorm In Under A Minute http://t.co/bgM4cSrbVd,,0.0,1.0
We always try to bring the heavy. #metal #RT http://t.co/YAo1e0xngw,1.0,,0.0
We are totally unprepared for an EMP attack. Both China Russia and probably Isis possess them. 90% fatalities. Why are we pushing them?,,0.0,1.0
We happily support mydrought  a project bringing awareness to the LA drought. Track your waterÛ_ https://t.co/2ZvhX41I9v,,0.0,1.0
What the fuck was that. There was a loud bang and a flash of light outside. I'm pretty sure I'm not dead but what the hell??,1.0,,0.0
What's the police or ambulance number in Lesotho? Any body know?,1.0,,0.0
When Houston and NYC collide. ?? @pageparkescorp @chloeunguyen @laurensicle @charstevens97 @tiara_marei #gemma #boweÛ_ http://t.co/9wowPs78VD,0.0,,1.0
When the answer my friend isn't blowing in the wind-IT'S YELLING! -How to Survive a Dust Storm http://t.co/9NwAJLi9cr http://t.co/tKMOtaeaCo,,0.0,1.0
When you go to a concert and someone screams in your ear... Does it look like I wanna loose my hearing anytime soon???,,0.0,1.0
When your body's like 'go to fuck to sleep Sami' and your mind's like 'make an emergency plan for every natural disaster GO',0.0,,1.0
Whereas Jez will obliterate the national debt - and give lots of new benefits - by simply printing money! Genius! https://t.co/ReffbkVG9R,0.0,,1.0
Whirlwind Medusa Audio Snake: 16 microphone inputs 0 returns 150 ft http://t.co/mxkAlMQpdb http://t.co/8KZnhtYtt9,,0.0,1.0
Why are you deluged with low self-image? Take the quiz: http://t.co/XsPqdOrIqj http://t.co/CQYvFR4UCy,0.0,,1.0
Why is there an ambulance right outside my work,,1.0,0.0
Wild fires freak me the fuck out. Like hell no,,0.0,1.0
Wild land fires.. Here I come. ??????,,0.0,1.0
Windstorm lastingness perquisite - acquiesce in a twister retreat: ZiUW http://t.co/iRt4kkgsJx,,0.0,1.0
"Worked in factory pressing designs onto T-shirts was electrocuted 
d/t faulty ground. Boss docked my pay while I was at ER #WorstSummerJob",0.0,,1.0
"Zotar(50 skeleton alchemist) was electrocuted to death by Atamathon the Giant Golem on Golem Graveyard 1.
http://t.co/GpwrC1KZ5i",,0.0,1.0
all that panicking made me tired ;__; i want to sleep in my bed,,0.0,1.0
annihilating quarterstaff of annihilation,,0.0,1.0
beforeitsnews : Global Derivatives: $1.5 Quadrillion Time Bomb http://t.co/GhmmUj7GbE (vÛ_ http://t.co/u9LvvLzhYe) http://t.co/LyJ57pq3yX,1.0,,0.0
burned 129 calories doing 24 minutes of Walking 3.5 mph brisk pace #myfitnesspal,,0.0,1.0
daviesmutia: Breaking news! Unconfirmed! I just heard a loud bang nearby. in what appears to be a blast of wind from my neighbour's ass.,0.0,,1.0
disinfo: Warfighting Robots Could Reduce Civilian Casualties So Calling for a Ban Now Is ... -... http://t.co/yUinMErQ2s #criticalmedia,,0.0,1.0
driving the avalanche after having my car for a week is like driving a tank,0.0,,1.0
exporting food wont solve the problem. africans will end famine n poverty by SOLVING OUT OF CONTROL TRIBAL WARS. https://t.co/UttaNbigRx,,0.0,1.0
going to redo my nails and watch behind the scenes of desolation of smaug ayyy,,0.0,1.0
http://t.co/MoA0q0AuFa Jacksonville family bands together as memorial is planned for toddler who ... - FloridaÛ_ http://t.co/NKOu7zWwRT,1.0,,0.0
http://t.co/c1H7JECFrV @RoyalCarribean do your passengers know about the mass murder that takes place in the #FaroeIslands every year?,,0.0,1.0
"http://t.co/qr3YPEkfOe 
Seems they declared war against government..",,0.0,1.0
http://t.co/rOdpt33XFM EverSafe Emergency Auto Kit for all Weather Unsafe hazardous rush-hour gridlock jumper-caÛ_ http://t.co/0BVK5tuB4J,0.0,,1.0
illegal alien released by Obama/DHS 4 times Charged With Rape &amp; Murder of Santa Maria CA Woman Had Prior Offenses  http://t.co/MqP4hF9GpO,,0.0,1.0
like for the music video I want some real action shit like burning buildings and police chases not some weak ben winston shit,,0.0,1.0
"my favorite lady came to our volunteer meeting
hopefully joining her youth collision and i am excite http://t.co/Ij0wQ490cS",,0.0,1.0
"sorry-I built a fire by my desk already. RT@irishirr
@MChapmanWSAZ @WSAZ_Brittany @kellyannwx ..please maintain that snowstorm til I arrive.",1.0,,0.0
square just let booty org write xv im sure we'd do just fine (buildings around me set on fire),1.0,,0.0
"survived the plague
floated the flood
just peeked our heads above the mud
no one's immune
deafening bells
my god will we survive ourselves?",1.0,,0.0
that horrible sinking feeling when youÛªve been at home on your phone for a while and you realise its been on 3G this whole time,1.0,,0.0
the MOFO in DC will leave our military unarmed to be gunned down by terrorist &amp; a lot worseits not their sorry asses,1.0,,0.0
the pastor was not in the scene of the accident......who was the owner of the range rover ?,,0.0,1.0
the_af comments on 'New evidence of Japan's effort to build atom bomb at the end of WWII' - http://t.co/hcTxghR2Yf,,0.0,1.0
when things become terrible more than the great Ethiopian famine...,1.0,,0.0
you can stab me in the back but I promise you'll be the one bleeding,0.0,,1.0
ÛÏ@MacDaddy_Leo: ?????? No Caption Needed ??. Freshman... http://t.co/k8ughv2aifÛmy nigga Stacey body bagging niggas! ????,0.0,,1.0
ÛÏ@SplottDave: @TeamPalestina That's about 28700 Palestinian homes demolished now by Israel since 1967 w/ 0 Israeli home demolished @POTUS,,0.0,1.0
Û÷Hijacker copsÛª back in the dock - http://t.co/9I5cczD5S0 http://t.co/WEaTrRihE1,,0.0,1.0
Û÷RansomwareÛª holds B.C. manÛªs computer files hostage: A virus locked Andrew Wilson's family photos and otherÛ_ http://t.co/aQbLjComlN,1.0,,0.0
åÈMGN-AFRICAå¨ pin:263789F4 åÈ Correction: Tent Collapse Story: Correction: Tent Collapse story åÈ http://t.co/fDJUYvZMrv @wizkidayo,1.0,,0.0
