text,true_label,predicted_label,confidence,model_reasoning,history,models
#IranDeal most members of Congress who don't want this deal don't have any kids who would b coming home in body bags. War makes them money,0,1,"['0.85', 0.85]","['The tweet discusses the political implications of the Iran Deal and the potential consequences of war, specifically mentioning ""body bags"" in a metaphorical context. It suggests that those opposing the deal are disconnected from the personal impact of war, as they do not have children who would be affected. This use of ""body bags"" is figurative, aimed at criticizing the motivations behind political decisions rather than reporting on an actual disaster event. The confidence score reflects a strong certainty in this interpretation.', 'The tweet discusses the implications of war and the financial motivations behind it, specifically in the context of the Iran Deal. It uses the phrase ""body bags"" metaphorically to highlight the potential consequences of war, rather than reporting on an actual disaster event. The language is figurative and does not describe a specific disaster or emergency situation, which aligns with the classification of ""Not Disaster-Related.""']","['{\'initial_response\': {\'classification\': \'1\', \'confidence\': \'0.85\', \'reasoning\': \'The tweet discusses the political implications of the Iran Deal and the potential consequences of war, specifically mentioning ""body bags"" in a metaphorical context. It suggests that those opposing the deal are disconnected from the personal impact of war, as they do not have children who would be affected. This use of ""body bags"" is figurative, aimed at criticizing the motivations behind political decisions rather than reporting on an actual disaster event. The confidence score reflects a strong certainty in this interpretation.\'}, \'rounds\': [], \'summary\': \'All expert levels exhausted.\'}', '{\'initial_response\': \'1\\n0.85\\nThe tweet discusses the implications of war and the financial motivations behind it, specifically in the context of the Iran Deal. It uses the phrase ""body bags"" metaphorically to highlight the potential consequences of war, rather than reporting on an actual disaster event. The language is figurative and does not describe a specific disaster or emergency situation, which aligns with the classification of ""Not Disaster-Related.""\', \'rounds\': []}']","['A4MT', 'A4M2T']"
#NASA announced that a massive #solar storm is headed straight for us: http://t.co/CM5u55MiOl,1,0,"['0.85', 0.85]","['The tweet mentions a ""massive solar storm"" which is a natural phenomenon but does not describe a specific disaster event or emergency situation. It appears to be informational in nature rather than a report of an actual disaster. The language used does not indicate a direct impact or emergency response related to the storm, which aligns with the classification of ""not disaster-related.""', 'The tweet discusses a ""massive solar storm"" that is headed towards Earth, which can be interpreted as a potential natural disaster. However, it lacks specific details about the storm\'s impact or any immediate disaster-related context. The language used is somewhat sensational, but it does not provide evidence of an actual disaster event occurring or being reported. Thus, it leans more towards a warning rather than a report of a verifiable disaster event. The confidence score reflects a moderate certainty due to the potential implications of solar storms but ultimately categorizes it as not directly related to a specific disaster event.']","['{\'initial_response\': {\'classification\': \'0\', \'confidence\': \'0.85\', \'reasoning\': \'The tweet mentions a ""massive solar storm"" which is a natural phenomenon but does not describe a specific disaster event or emergency situation. It appears to be informational in nature rather than a report of an actual disaster. The language used does not indicate a direct impact or emergency response related to the storm, which aligns with the classification of ""not disaster-related.""\'}, \'rounds\': [], \'summary\': \'All expert levels exhausted.\'}', '{\'initial_response\': \'0  \\n0.85  \\nThe tweet discusses a ""massive solar storm"" that is headed towards Earth, which can be interpreted as a potential natural disaster. However, it lacks specific details about the storm\\\'s impact or any immediate disaster-related context. The language used is somewhat sensational, but it does not provide evidence of an actual disaster event occurring or being reported. Thus, it leans more towards a warning rather than a report of a verifiable disaster event. The confidence score reflects a moderate certainty due to the potential implications of solar storms but ultimately categorizes it as not directly related to a specific disaster event.\', \'rounds\': []}']","['A4MT', 'A4M2T']"
.@NorwayMFA #Bahrain police had previously died in a road accident they were not killed by explosion https://t.co/gFJfgTodad,1,0,"['0.85', 0.85]","['The tweet discusses a police incident in Bahrain, clarifying that the police had died in a road accident rather than an explosion. The use of the term ""road accident"" indicates that this is not a disaster-related event as per the classification guidelines. The context suggests a clarification of facts rather than reporting on a disaster, which aligns with the classification of ""not disaster-related."" The confidence score reflects a strong certainty in this classification based on the clear distinction made in the tweet.', 'The tweet discusses a clarification regarding the deaths of police officers in Bahrain, stating that they died in a road accident rather than an explosion. The context indicates that the language used is not metaphorical or humorous, but rather factual. It does not report a disaster event but rather corrects a misconception about the circumstances of the deaths. The use of ""road accident"" suggests a non-disaster-related context, leading to the classification of ""0"". The confidence score reflects a strong certainty based on the clear distinction made in the tweet.']","['{\'initial_response\': {\'classification\': \'0\', \'confidence\': \'0.85\', \'reasoning\': \'The tweet discusses a police incident in Bahrain, clarifying that the police had died in a road accident rather than an explosion. The use of the term ""road accident"" indicates that this is not a disaster-related event as per the classification guidelines. The context suggests a clarification of facts rather than reporting on a disaster, which aligns with the classification of ""not disaster-related."" The confidence score reflects a strong certainty in this classification based on the clear distinction made in the tweet.\'}, \'rounds\': [], \'summary\': \'All expert levels exhausted.\'}', '{\'initial_response\': \'0  \\n0.85  \\nThe tweet discusses a clarification regarding the deaths of police officers in Bahrain, stating that they died in a road accident rather than an explosion. The context indicates that the language used is not metaphorical or humorous, but rather factual. It does not report a disaster event but rather corrects a misconception about the circumstances of the deaths. The use of ""road accident"" suggests a non-disaster-related context, leading to the classification of ""0"". The confidence score reflects a strong certainty based on the clear distinction made in the tweet.\', \'rounds\': []}']","['A4MT', 'A4M2T']"
1/2 of the deaths in red-light running crashes are pedestrians bicyclists &amp; other vehicle occupants that are hit by the red-light runners.,1,0,"['0.85', 0.85]","['The tweet discusses traffic accidents involving red-light runners and the resulting fatalities, specifically mentioning pedestrians and bicyclists. While it addresses a serious issue, it does not report on a specific disaster event, such as a natural disaster or significant emergency. Instead, it presents statistical information about traffic safety, which aligns more with general road safety discussions rather than a disaster-related context. The language used is factual and does not invoke metaphorical or humorous connotations, but it lacks the urgency or specificity typically associated with disaster events.', 'The tweet discusses traffic accidents related to red-light running, specifically highlighting the fatalities involving pedestrians, bicyclists, and other vehicle occupants. While it mentions deaths, it does not describe a specific disaster event or significant emergency; rather, it focuses on traffic safety statistics. The language used is factual and does not employ disaster-related terms in a metaphorical or humorous context, which aligns with the classification of ""not disaster-related.""']","[""{'initial_response': {'classification': '0', 'confidence': '0.85', 'reasoning': 'The tweet discusses traffic accidents involving red-light runners and the resulting fatalities, specifically mentioning pedestrians and bicyclists. While it addresses a serious issue, it does not report on a specific disaster event, such as a natural disaster or significant emergency. Instead, it presents statistical information about traffic safety, which aligns more with general road safety discussions rather than a disaster-related context. The language used is factual and does not invoke metaphorical or humorous connotations, but it lacks the urgency or specificity typically associated with disaster events.'}, 'rounds': [], 'summary': 'All expert levels exhausted.'}"", '{\'initial_response\': \'0  \\n0.85  \\nThe tweet discusses traffic accidents related to red-light running, specifically highlighting the fatalities involving pedestrians, bicyclists, and other vehicle occupants. While it mentions deaths, it does not describe a specific disaster event or significant emergency; rather, it focuses on traffic safety statistics. The language used is factual and does not employ disaster-related terms in a metaphorical or humorous context, which aligns with the classification of ""not disaster-related.""\', \'rounds\': []}']","['A4MT', 'A4M2T']"
@Arovolturi3000 survived because of magic  she is searching the wood for survivors outside of London,1,0,"['0.85', 0.85]","['The tweet uses the term ""survived"" and mentions ""searching for survivors,"" which could imply a disaster context. However, the mention of ""magic"" suggests a figurative or fictional context rather than a real disaster event. The phrase ""outside of London"" does not provide any verifiable disaster-related information. Therefore, this tweet appears to be metaphorical or part of a fictional narrative rather than reporting on an actual disaster event.', 'The tweet uses the term ""survived"" and mentions ""searching for survivors,"" which could imply a disaster context. However, the mention of ""magic"" suggests a fictional or metaphorical scenario rather than a real disaster event. The context does not provide clear evidence of an actual disaster, leading to the classification of ""not disaster-related.""']","['{\'initial_response\': {\'classification\': \'0\', \'confidence\': \'0.85\', \'reasoning\': \'The tweet uses the term ""survived"" and mentions ""searching for survivors,"" which could imply a disaster context. However, the mention of ""magic"" suggests a figurative or fictional context rather than a real disaster event. The phrase ""outside of London"" does not provide any verifiable disaster-related information. Therefore, this tweet appears to be metaphorical or part of a fictional narrative rather than reporting on an actual disaster event.\'}, \'rounds\': [], \'summary\': \'All expert levels exhausted.\'}', '{\'initial_response\': \'0  \\n0.85  \\nThe tweet uses the term ""survived"" and mentions ""searching for survivors,"" which could imply a disaster context. However, the mention of ""magic"" suggests a fictional or metaphorical scenario rather than a real disaster event. The context does not provide clear evidence of an actual disaster, leading to the classification of ""not disaster-related.""\', \'rounds\': []}']","['A4MT', 'A4M2T']"
@ChristieC733 please support this Please cosponsor S. 928 and support aid for sick and injured 9/11 responders! #renew911health,1,0,"['0.85', 0.85]","['The tweet expresses a call to action for supporting aid for sick and injured 9/11 responders, which is related to a significant event (the 9/11 attacks) and its aftermath. However, it does not describe a current disaster event or a specific incident; rather, it advocates for legislative support regarding health issues related to past events. The language used does not indicate a metaphorical or humorous context, but it is focused on advocacy rather than reporting on a disaster. Therefore, it is classified as ""not disaster-related.""', 'The tweet expresses a call to action regarding support for aid for sick and injured 9/11 responders. While it references a significant event (9/11), it does not describe a current disaster or emergency situation. Instead, it is advocating for legislative support related to past events. The language used is not metaphorical or humorous, but it does not fit the criteria for being classified as disaster-related as it does not report or describe an actual disaster event.']","['{\'initial_response\': {\'classification\': \'0\', \'confidence\': \'0.85\', \'reasoning\': \'The tweet expresses a call to action for supporting aid for sick and injured 9/11 responders, which is related to a significant event (the 9/11 attacks) and its aftermath. However, it does not describe a current disaster event or a specific incident; rather, it advocates for legislative support regarding health issues related to past events. The language used does not indicate a metaphorical or humorous context, but it is focused on advocacy rather than reporting on a disaster. Therefore, it is classified as ""not disaster-related.""\'}, \'rounds\': [], \'summary\': \'All expert levels exhausted.\'}', ""{'initial_response': '0  \\n0.85  \\nThe tweet expresses a call to action regarding support for aid for sick and injured 9/11 responders. While it references a significant event (9/11), it does not describe a current disaster or emergency situation. Instead, it is advocating for legislative support related to past events. The language used is not metaphorical or humorous, but it does not fit the criteria for being classified as disaster-related as it does not report or describe an actual disaster event.', 'rounds': []}""]","['A4MT', 'A4M2T']"
@SonofLiberty357 all illuminated by the brightly burning buildings all around the town!,0,1,"['0.85', 0.85]","['The tweet describes ""brightly burning buildings"" which suggests a disaster event, likely a fire affecting a town. However, the context is not clear whether this is a literal event or metaphorical language. The phrase ""all illuminated by"" could imply a dramatic description rather than a factual report. Given the ambiguity, I lean towards classifying it as not disaster-related, but with a relatively high confidence due to the mention of burning buildings.', 'The tweet describes ""brightly burning buildings"" which suggests a disaster scenario, likely a fire or destruction of property. However, the context provided by the phrase ""all illuminated"" may imply a figurative or exaggerated expression rather than a direct report of an actual disaster event. The language used could be interpreted as dramatic or metaphorical, which aligns with the classification of not being directly related to a verifiable disaster event. Therefore, while there is a strong indication of a disaster, the lack of concrete details about an actual event leads to a classification of ""0"" with a high confidence score.']","['{\'initial_response\': {\'classification\': \'1\', \'confidence\': \'0.85\', \'reasoning\': \'The tweet describes ""brightly burning buildings"" which suggests a disaster event, likely a fire affecting a town. However, the context is not clear whether this is a literal event or metaphorical language. The phrase ""all illuminated by"" could imply a dramatic description rather than a factual report. Given the ambiguity, I lean towards classifying it as not disaster-related, but with a relatively high confidence due to the mention of burning buildings.\'}, \'rounds\': [], \'summary\': \'All expert levels exhausted.\'}', '{\'initial_response\': \'1  \\n0.85  \\nThe tweet describes ""brightly burning buildings"" which suggests a disaster scenario, likely a fire or destruction of property. However, the context provided by the phrase ""all illuminated"" may imply a figurative or exaggerated expression rather than a direct report of an actual disaster event. The language used could be interpreted as dramatic or metaphorical, which aligns with the classification of not being directly related to a verifiable disaster event. Therefore, while there is a strong indication of a disaster, the lack of concrete details about an actual event leads to a classification of ""0"" with a high confidence score.\', \'rounds\': []}']","['A4MT', 'A4M2T']"
@TheEllenShow Please check into Salt River horses help stop the annihilation about to happen without 54000 more signatures.change .org Thx,0,1,"['1', 0.85]","['The tweet expresses a concern about the potential annihilation of the Salt River horses, indicating a real and pressing issue that may involve animal welfare and conservation efforts. The use of the term ""annihilation"" suggests a serious threat to these horses, which aligns with the classification of disaster-related events. The call for more signatures on a petition further emphasizes the urgency of the situation, indicating that it is a matter of public concern and action. Thus, it is classified as disaster-related. My confidence in this classification is high, as the context clearly relates to a significant emergency concerning animal welfare.', 'The tweet expresses concern about the potential annihilation of Salt River horses and calls for action to prevent it. The use of the word ""annihilation"" here is metaphorical, referring to the possible extinction or severe decline of the horse population rather than a literal disaster event. The context suggests an appeal for signatures to support a cause rather than reporting on an actual disaster event. Therefore, it should be classified as ""not disaster-related.""']","['{\'initial_response\': \'1  \\n1  \\nThe tweet expresses a concern about the potential annihilation of the Salt River horses, indicating a real and pressing issue that may involve animal welfare and conservation efforts. The use of the term ""annihilation"" suggests a serious threat to these horses, which aligns with the classification of disaster-related events. The call for more signatures on a petition further emphasizes the urgency of the situation, indicating that it is a matter of public concern and action. Thus, it is classified as disaster-related. My confidence in this classification is high, as the context clearly relates to a significant emergency concerning animal welfare.\', \'rounds\': []}', '{\'initial_response\': \'1  \\n0.85  \\nThe tweet expresses concern about the potential annihilation of Salt River horses and calls for action to prevent it. The use of the word ""annihilation"" here is metaphorical, referring to the possible extinction or severe decline of the horse population rather than a literal disaster event. The context suggests an appeal for signatures to support a cause rather than reporting on an actual disaster event. Therefore, it should be classified as ""not disaster-related.""\', \'rounds\': []}']","['A4MT', 'A4M2T']"
@booksbyRoger TY for the follow Go To http://t.co/l9MB2j5pXg BRUTALLY ABUSED+DESOLATE&amp;LOST + HER LOVELY MUM DIES..Is it Murder?,0,1,"['0.85', 0.85]","['The tweet mentions ""brutally abused,"" ""desolate,"" and ""her lovely mum dies,"" which could imply a serious situation. However, the context appears to be discussing a book or story rather than reporting on an actual disaster event. The phrase ""Is it Murder?"" suggests a narrative or fictional context rather than a real-life incident. Therefore, it does not meet the criteria for being classified as disaster-related. The confidence score reflects a strong belief in this interpretation, but there is some uncertainty due to the serious language used.', 'The tweet discusses a narrative involving themes of abuse, desolation, and a death that raises the question of murder. However, it does not report or describe a verifiable disaster event. Instead, it appears to reference a fictional or dramatized situation, likely intended to provoke interest in a book or story rather than report on an actual disaster. The language used, such as ""brutally abused"" and ""desolate,"" is metaphorical and does not indicate a real event, thus fitting the classification of ""Not Disaster-Related.""']","['{\'initial_response\': {\'classification\': \'1\', \'confidence\': \'0.85\', \'reasoning\': \'The tweet mentions ""brutally abused,"" ""desolate,"" and ""her lovely mum dies,"" which could imply a serious situation. However, the context appears to be discussing a book or story rather than reporting on an actual disaster event. The phrase ""Is it Murder?"" suggests a narrative or fictional context rather than a real-life incident. Therefore, it does not meet the criteria for being classified as disaster-related. The confidence score reflects a strong belief in this interpretation, but there is some uncertainty due to the serious language used.\'}, \'rounds\': [], \'summary\': \'All expert levels exhausted.\'}', '{\'initial_response\': \'1  \\n0.85  \\nThe tweet discusses a narrative involving themes of abuse, desolation, and a death that raises the question of murder. However, it does not report or describe a verifiable disaster event. Instead, it appears to reference a fictional or dramatized situation, likely intended to provoke interest in a book or story rather than report on an actual disaster. The language used, such as ""brutally abused"" and ""desolate,"" is metaphorical and does not indicate a real event, thus fitting the classification of ""Not Disaster-Related.""\', \'rounds\': []}']","['A4MT', 'A4M2T']"
A Dayton-area org tells me it was hit by a cyber attack: http://t.co/7LhKJz0IVO,1,0,"['0.85', 0.85]","['The tweet mentions a ""cyber attack,"" which is a serious incident, but it does not describe a natural disaster or a major physical emergency. It refers to a cyber-related issue rather than a disaster event as defined in the guidelines. The language used does not indicate a metaphorical or humorous context, but rather a factual report of an incident. However, since it does not fit the strict criteria of a disaster-related event (like natural disasters or major accidents), it is classified as ""not disaster-related.""', 'The tweet mentions a ""cyber attack,"" which is a significant event, but it does not describe a natural disaster, major accident, or any of the other categories outlined in the classification guidelines. Instead, it refers to a cyber incident that, while serious, falls outside the scope of disaster-related events as defined. The language used does not indicate a literal disaster but rather a technical issue affecting an organization. Thus, it is classified as ""not disaster-related.""']","['{\'initial_response\': {\'classification\': \'0\', \'confidence\': \'0.85\', \'reasoning\': \'The tweet mentions a ""cyber attack,"" which is a serious incident, but it does not describe a natural disaster or a major physical emergency. It refers to a cyber-related issue rather than a disaster event as defined in the guidelines. The language used does not indicate a metaphorical or humorous context, but rather a factual report of an incident. However, since it does not fit the strict criteria of a disaster-related event (like natural disasters or major accidents), it is classified as ""not disaster-related.""\'}, \'rounds\': [], \'summary\': \'All expert levels exhausted.\'}', '{\'initial_response\': \'0  \\n0.85  \\nThe tweet mentions a ""cyber attack,"" which is a significant event, but it does not describe a natural disaster, major accident, or any of the other categories outlined in the classification guidelines. Instead, it refers to a cyber incident that, while serious, falls outside the scope of disaster-related events as defined. The language used does not indicate a literal disaster but rather a technical issue affecting an organization. Thus, it is classified as ""not disaster-related.""\', \'rounds\': []}']","['A4MT', 'A4M2T']"
"Blending the old with the new in #Vanuatu to prepare for future emergencies: 
http://t.co/aFMKcFn1TL http://t.co/8QqzYZIAqf",0,1,"['0.85', 0.85]","['The tweet discusses blending old and new practices in Vanuatu to prepare for future emergencies, which indicates a proactive approach to disaster preparedness. However, it does not report on a specific disaster event or incident; rather, it focuses on preparation and planning. The language used does not imply that a disaster is currently occurring or has occurred, thus aligning with the classification of ""Not Disaster-Related."" The confidence score reflects a strong belief in this classification based on the content provided.', 'The tweet discusses preparations for future emergencies in Vanuatu, indicating a proactive approach to disaster management. However, it does not report on a specific disaster event or incident; rather, it focuses on blending old and new practices for future readiness. The language used is more about planning and preparation rather than describing an actual disaster event, which aligns with the classification of ""Not Disaster-Related."" The confidence score reflects a strong certainty due to the clear context of future planning rather than an immediate disaster situation.']","['{\'initial_response\': {\'classification\': \'1\', \'confidence\': \'0.85\', \'reasoning\': \'The tweet discusses blending old and new practices in Vanuatu to prepare for future emergencies, which indicates a proactive approach to disaster preparedness. However, it does not report on a specific disaster event or incident; rather, it focuses on preparation and planning. The language used does not imply that a disaster is currently occurring or has occurred, thus aligning with the classification of ""Not Disaster-Related."" The confidence score reflects a strong belief in this classification based on the content provided.\'}, \'rounds\': [], \'summary\': \'All expert levels exhausted.\'}', '{\'initial_response\': \'1  \\n0.85  \\nThe tweet discusses preparations for future emergencies in Vanuatu, indicating a proactive approach to disaster management. However, it does not report on a specific disaster event or incident; rather, it focuses on blending old and new practices for future readiness. The language used is more about planning and preparation rather than describing an actual disaster event, which aligns with the classification of ""Not Disaster-Related."" The confidence score reflects a strong certainty due to the clear context of future planning rather than an immediate disaster situation.\', \'rounds\': []}']","['A4MT', 'A4M2T']"
Cyclist who collided with runner on Roanoke greenway wins $300000 civil verdict - Roanoke Times: Cyclist who c... http://t.co/E2WfGp8JHk,1,0,"['0.85', 0.85]","['The tweet discusses a civil verdict related to a collision between a cyclist and a runner, which indicates a legal matter rather than a disaster event. While it involves an accident, it does not report on a significant disaster event such as a natural disaster, major accident, or emergency situation as defined in the classification guidelines. The context suggests a legal outcome rather than an immediate threat or disaster, leading to the classification of ""not disaster-related.""', 'The tweet discusses a civil verdict related to a collision between a cyclist and a runner, which is more of a legal and civil matter rather than a disaster event. While it involves an accident, it does not describe a significant disaster or emergency situation as defined in the classification guidelines. The language used does not indicate a broader impact or emergency context that would warrant a ""1"" classification. The focus is on a legal outcome rather than the event itself being a disaster.']","['{\'initial_response\': {\'classification\': \'0\', \'confidence\': \'0.85\', \'reasoning\': \'The tweet discusses a civil verdict related to a collision between a cyclist and a runner, which indicates a legal matter rather than a disaster event. While it involves an accident, it does not report on a significant disaster event such as a natural disaster, major accident, or emergency situation as defined in the classification guidelines. The context suggests a legal outcome rather than an immediate threat or disaster, leading to the classification of ""not disaster-related.""\'}, \'rounds\': [], \'summary\': \'All expert levels exhausted.\'}', '{\'initial_response\': \'0  \\n0.85  \\nThe tweet discusses a civil verdict related to a collision between a cyclist and a runner, which is more of a legal and civil matter rather than a disaster event. While it involves an accident, it does not describe a significant disaster or emergency situation as defined in the classification guidelines. The language used does not indicate a broader impact or emergency context that would warrant a ""1"" classification. The focus is on a legal outcome rather than the event itself being a disaster.\', \'rounds\': []}']","['A4MT', 'A4M2T']"
DLH issues Hazardous Weather Outlook (HWO) http://t.co/WOzuBXRi2p,1,0,"['0.85', 0.85]","['The tweet mentions a ""Hazardous Weather Outlook,"" which indicates a potential weather-related concern. However, it does not report or describe a specific disaster event or incident. The language used is typical for weather forecasts and does not imply an actual disaster occurring. Therefore, it is classified as not disaster-related. The confidence score reflects a strong certainty based on the guidelines provided.', 'The tweet references a ""Hazardous Weather Outlook,"" which suggests a potential weather-related event. However, it does not describe a specific disaster event or provide any details about an actual occurrence of a disaster. The language used is typical for weather advisories and does not imply an immediate or ongoing disaster situation. Therefore, it is classified as not disaster-related.']","['{\'initial_response\': {\'classification\': \'0\', \'confidence\': \'0.85\', \'reasoning\': \'The tweet mentions a ""Hazardous Weather Outlook,"" which indicates a potential weather-related concern. However, it does not report or describe a specific disaster event or incident. The language used is typical for weather forecasts and does not imply an actual disaster occurring. Therefore, it is classified as not disaster-related. The confidence score reflects a strong certainty based on the guidelines provided.\'}, \'rounds\': [], \'summary\': \'All expert levels exhausted.\'}', '{\'initial_response\': \'0  \\n0.85  \\nThe tweet references a ""Hazardous Weather Outlook,"" which suggests a potential weather-related event. However, it does not describe a specific disaster event or provide any details about an actual occurrence of a disaster. The language used is typical for weather advisories and does not imply an immediate or ongoing disaster situation. Therefore, it is classified as not disaster-related.\', \'rounds\': []}']","['A4MT', 'A4M2T']"
HereÛªs how media in Pakistan covered the capture of terrorist Mohammed Naved http://t.co/f7WqpCEkg2,0,1,"['0.85', 0.85]","[""The tweet discusses the media coverage of the capture of a terrorist, which is a significant event related to terrorism. It indicates a real event involving a terrorist, which aligns with the classification of disaster-related events. The context suggests that it pertains to a serious incident that has implications for public safety and security. The confidence score reflects a strong belief in this classification based on the content's focus on a significant criminal event."", 'The tweet discusses the media coverage of the capture of a terrorist, which relates to a significant criminal event. The mention of ""terrorist"" and the specific name of the individual involved indicates a serious incident. However, the tweet itself does not provide a direct report or description of the event but rather refers to how it was covered by the media. This suggests a context that is more about media reporting than the disaster event itself, leading to a classification of not disaster-related. The confidence score reflects a strong belief in this classification based on the context provided.']","['{\'initial_response\': {\'classification\': \'1\', \'confidence\': \'0.85\', \'reasoning\': ""The tweet discusses the media coverage of the capture of a terrorist, which is a significant event related to terrorism. It indicates a real event involving a terrorist, which aligns with the classification of disaster-related events. The context suggests that it pertains to a serious incident that has implications for public safety and security. The confidence score reflects a strong belief in this classification based on the content\'s focus on a significant criminal event.""}, \'rounds\': [], \'summary\': \'All expert levels exhausted.\'}', '{\'initial_response\': \'1\\n0.85\\nThe tweet discusses the media coverage of the capture of a terrorist, which relates to a significant criminal event. The mention of ""terrorist"" and the specific name of the individual involved indicates a serious incident. However, the tweet itself does not provide a direct report or description of the event but rather refers to how it was covered by the media. This suggests a context that is more about media reporting than the disaster event itself, leading to a classification of not disaster-related. The confidence score reflects a strong belief in this classification based on the context provided.\', \'rounds\': []}']","['A4MT', 'A4M2T']"
Las Vegas in top 5 cities for red-light running fatalities http://t.co/kC8O81BcHG,1,0,"['0.85', 0.85]","['The tweet discusses traffic fatalities related to red-light running in Las Vegas. While it mentions fatalities, it does not describe a specific disaster event such as a natural disaster, major accident, or significant emergency. The context is more about traffic safety and statistics rather than an actual disaster occurrence. The language used does not imply a metaphorical or humorous context, but it does not meet the criteria for being classified as disaster-related.', 'The tweet discusses red-light running fatalities in Las Vegas, which indicates a serious issue related to traffic safety. However, it does not report on a specific disaster event such as a natural disaster, major accident, or significant emergency. Instead, it presents a statistic that could be interpreted as a public safety concern rather than a disaster-related event. The language used does not suggest an immediate or ongoing disaster, leading to the classification of ""not disaster-related.""']","[""{'initial_response': {'classification': '0', 'confidence': '0.85', 'reasoning': 'The tweet discusses traffic fatalities related to red-light running in Las Vegas. While it mentions fatalities, it does not describe a specific disaster event such as a natural disaster, major accident, or significant emergency. The context is more about traffic safety and statistics rather than an actual disaster occurrence. The language used does not imply a metaphorical or humorous context, but it does not meet the criteria for being classified as disaster-related.'}, 'rounds': [], 'summary': 'All expert levels exhausted.'}"", '{\'initial_response\': \'0  \\n0.85  \\nThe tweet discusses red-light running fatalities in Las Vegas, which indicates a serious issue related to traffic safety. However, it does not report on a specific disaster event such as a natural disaster, major accident, or significant emergency. Instead, it presents a statistic that could be interpreted as a public safety concern rather than a disaster-related event. The language used does not suggest an immediate or ongoing disaster, leading to the classification of ""not disaster-related.""\', \'rounds\': []}']","['A4MT', 'A4M2T']"
MEG issues Hazardous Weather Outlook (HWO)  http://t.co/gGn39m60tL #WX,1,0,"['0.85', 0.85]","['The tweet mentions a ""Hazardous Weather Outlook,"" which indicates a warning about potential severe weather conditions. However, it does not report on a specific disaster event or an ongoing emergency. Instead, it seems to be a general notification about weather conditions, which aligns more with standard weather reporting rather than a direct reference to a disaster event. The hashtag #WX further supports that this is related to weather updates rather than a specific disaster situation.', 'The tweet refers to a ""Hazardous Weather Outlook,"" which is a forecast indicating potential hazardous weather conditions rather than an actual disaster event. It does not describe any specific disaster occurring at the time, making it non-disaster-related. The language used is typical for weather updates and does not imply an immediate or specific disaster event. Therefore, the classification as non-disaster-related (0) is appropriate, and the confidence score of 0.85 reflects the clarity of the tweet\'s content.']","['{\'initial_response\': {\'classification\': \'0\', \'confidence\': \'0.85\', \'reasoning\': \'The tweet mentions a ""Hazardous Weather Outlook,"" which indicates a warning about potential severe weather conditions. However, it does not report on a specific disaster event or an ongoing emergency. Instead, it seems to be a general notification about weather conditions, which aligns more with standard weather reporting rather than a direct reference to a disaster event. The hashtag #WX further supports that this is related to weather updates rather than a specific disaster situation.\'}, \'rounds\': [], \'summary\': \'All expert levels exhausted.\'}', '{\'initial_response\': {\'classification\': \'0\', \'confidence\': \'2. 0.85\', \'reasoning\': \'3. The tweet mentions a ""Hazardous Weather Outlook,"" which is a standard weather report and does not describe a specific disaster event. While it indicates potential hazardous weather, it does not provide details about an actual disaster or emergency situation. The language used is typical for weather updates and does not imply a direct report of a disaster, thus it should be classified as not disaster-related.\'}, \'rounds\': [{\'expert_level\': 1, \'round\': 1, \'critic_response\': \'1. **Disaster Reporting**: The tweet mentions a ""Hazardous Weather Outlook,"" which is a forecast rather than a report of an actual disaster. It indicates potential hazardous weather but does not describe a specific disaster event occurring at the time. Thus, the classification as non-disaster-related (0) seems appropriate.\\n\\n2. **Confidence Score**: The confidence score of 0.85 is reasonable given the tweet\\\'s clear indication of a weather outlook rather than an ongoing disaster. The language used is typical for weather updates and does not imply an immediate or specific disaster event.\\n\\n3. **Ambiguities or Language Cues**: There are no significant ambiguities or subtle language cues in the tweet that suggest it should be classified as disaster-related. The tweet is straightforward in its communication of a weather outlook.\\n\\n4. **Reasoning and Guidelines**: The reasoning provided aligns well with the guidelines derived from the true labels in the dataset. It correctly identifies that the tweet does not describe a specific disaster event but rather a general weather outlook.\\n\\n**Alternative Classification**: The original classification of 0 (non-disaster) is appropriate, and the confidence score of 0.85 is justified. No changes are necessary.\\n\\nOverall, the classification decision, confidence score, and reasoning are consistent with the dataset\\\'s guidelines and accurately reflect the tweet\\\'s content.\', \'initiator_followup\': \'0  \\n0.85  \\nThe tweet refers to a ""Hazardous Weather Outlook,"" which is a forecast indicating potential hazardous weather conditions rather than an actual disaster event. It does not describe any specific disaster occurring at the time, making it non-disaster-related. The language used is typical for weather updates and does not imply an immediate or specific disaster event. Therefore, the classification as non-disaster-related (0) is appropriate, and the confidence score of 0.85 reflects the clarity of the tweet\\\'s content.\'}], \'summary\': \'Threshold of 0.7 reached at expert level 1 after 1 rounds.\'}']","['A4MT', 'A4M2T']"
MEG issues Hazardous Weather Outlook (HWO) http://t.co/3X6RBQJHn3,1,0,"['0.85', 0.85]","['The tweet mentions a ""Hazardous Weather Outlook,"" which indicates a warning or advisory related to weather conditions. However, it does not report or describe a specific disaster event. The content is more informational and does not provide evidence of an actual disaster occurring. The language used is typical for weather alerts, which are precautionary rather than reporting on a disaster that has already taken place. Therefore, it is classified as not disaster-related.', 'The tweet mentions a ""Hazardous Weather Outlook,"" which indicates a potential weather-related issue. However, it does not report or describe a specific disaster event or incident. It appears to be a general notification about weather conditions rather than a direct account of a disaster. The language used is typical for weather advisories and does not imply an actual disaster has occurred, thus it is classified as ""not disaster-related.""']","['{\'initial_response\': {\'classification\': \'0\', \'confidence\': \'0.85\', \'reasoning\': \'The tweet mentions a ""Hazardous Weather Outlook,"" which indicates a warning or advisory related to weather conditions. However, it does not report or describe a specific disaster event. The content is more informational and does not provide evidence of an actual disaster occurring. The language used is typical for weather alerts, which are precautionary rather than reporting on a disaster that has already taken place. Therefore, it is classified as not disaster-related.\'}, \'rounds\': [], \'summary\': \'All expert levels exhausted.\'}', '{\'initial_response\': \'0  \\n0.85  \\nThe tweet mentions a ""Hazardous Weather Outlook,"" which indicates a potential weather-related issue. However, it does not report or describe a specific disaster event or incident. It appears to be a general notification about weather conditions rather than a direct account of a disaster. The language used is typical for weather advisories and does not imply an actual disaster has occurred, thus it is classified as ""not disaster-related.""\', \'rounds\': []}']","['A4MT', 'A4M2T']"
ML 2.0 SICILY ITALY http://t.co/z6hxx6d2pm #euroquake,0,1,"['0.85', 0.85]","['The tweet mentions ""SICILY ITALY"" and includes the hashtag ""#euroquake,"" which suggests a reference to an earthquake event in Europe. However, it lacks specific details about a verifiable disaster event, such as the impact or consequences of the earthquake. The phrase ""ML 2.0"" likely refers to the magnitude of the earthquake, but without additional context indicating that this is a report of an actual disaster or its effects, it leans towards being a casual mention rather than a direct report of a disaster event. Thus, it is classified as not disaster-related.', 'The tweet mentions ""ML 2.0"" and ""SICILY ITALY,"" which suggests a reference to an earthquake event (ML typically stands for magnitude level in seismology). The hashtag ""#euroquake"" further indicates a connection to seismic activity in Europe. However, the tweet lacks detailed context or a clear description of an actual disaster event, making it somewhat ambiguous. The confidence score reflects a high likelihood that it relates to a disaster event, but the lack of explicit reporting or eyewitness accounts lowers certainty slightly.']","['{\'initial_response\': {\'classification\': \'1\', \'confidence\': \'0.85\', \'reasoning\': \'The tweet mentions ""SICILY ITALY"" and includes the hashtag ""#euroquake,"" which suggests a reference to an earthquake event in Europe. However, it lacks specific details about a verifiable disaster event, such as the impact or consequences of the earthquake. The phrase ""ML 2.0"" likely refers to the magnitude of the earthquake, but without additional context indicating that this is a report of an actual disaster or its effects, it leans towards being a casual mention rather than a direct report of a disaster event. Thus, it is classified as not disaster-related.\'}, \'rounds\': [], \'summary\': \'All expert levels exhausted.\'}', '{\'initial_response\': \'1  \\n0.85  \\nThe tweet mentions ""ML 2.0"" and ""SICILY ITALY,"" which suggests a reference to an earthquake event (ML typically stands for magnitude level in seismology). The hashtag ""#euroquake"" further indicates a connection to seismic activity in Europe. However, the tweet lacks detailed context or a clear description of an actual disaster event, making it somewhat ambiguous. The confidence score reflects a high likelihood that it relates to a disaster event, but the lack of explicit reporting or eyewitness accounts lowers certainty slightly.\', \'rounds\': []}']","['A4MT', 'A4M2T']"
Over half of poll respondents worry nuclear disaster fading from public consciousness http://t.co/YtnnnD631z ##fukushima,0,1,"['0.85', 0.85]","['The tweet discusses public concern regarding the fading awareness of nuclear disasters, specifically referencing Fukushima. While it mentions a nuclear disaster, it does not report or describe a current disaster event; rather, it reflects on public sentiment and awareness. The language used is more about societal perception than an actual event, which aligns with the classification of ""Not Disaster-Related."" The confidence score is high due to the clear context of the tweet focusing on public opinion rather than a real-time disaster occurrence.', 'The tweet discusses public concern regarding the fading awareness of nuclear disasters, specifically referencing Fukushima. While it mentions a significant disaster event, it does so in a context that reflects public sentiment rather than reporting on an ongoing or recent disaster event. The language used does not describe a current disaster situation or provide an account of an event; instead, it highlights a concern about public memory, which aligns more with a metaphorical or reflective discussion rather than a direct report of a disaster. Thus, it is classified as ""not disaster-related.""']","['{\'initial_response\': {\'classification\': \'1\', \'confidence\': \'0.85\', \'reasoning\': \'The tweet discusses public concern regarding the fading awareness of nuclear disasters, specifically referencing Fukushima. While it mentions a nuclear disaster, it does not report or describe a current disaster event; rather, it reflects on public sentiment and awareness. The language used is more about societal perception than an actual event, which aligns with the classification of ""Not Disaster-Related."" The confidence score is high due to the clear context of the tweet focusing on public opinion rather than a real-time disaster occurrence.\'}, \'rounds\': [], \'summary\': \'All expert levels exhausted.\'}', '{\'initial_response\': \'1  \\n0.85  \\nThe tweet discusses public concern regarding the fading awareness of nuclear disasters, specifically referencing Fukushima. While it mentions a significant disaster event, it does so in a context that reflects public sentiment rather than reporting on an ongoing or recent disaster event. The language used does not describe a current disaster situation or provide an account of an event; instead, it highlights a concern about public memory, which aligns more with a metaphorical or reflective discussion rather than a direct report of a disaster. Thus, it is classified as ""not disaster-related.""\', \'rounds\': []}']","['A4MT', 'A4M2T']"
Police: Teenagers arrested for curfew violations in Evanston were riding stolen bicycles: Two teenagers taken into cus...  #Chicago #news,1,0,"['0.85', 0.85]","['The tweet discusses a police incident involving teenagers arrested for curfew violations while riding stolen bicycles. While it mentions a law enforcement action, it does not describe a disaster event or significant emergency as defined in the classification guidelines. The context is more related to a minor crime rather than a disaster-related situation. The use of ""curfew violations"" and ""stolen bicycles"" indicates a local law enforcement issue rather than a disaster event.', 'The tweet discusses the arrest of teenagers for curfew violations related to riding stolen bicycles. While it mentions a police action, it does not report on a disaster event or significant emergency. The context is more about law enforcement and juvenile delinquency rather than a disaster-related incident. The use of hashtags like #Chicago and #news indicates it is a general news report rather than a disaster report. The confidence score reflects a high certainty that this tweet does not relate to a disaster event.']","['{\'initial_response\': {\'classification\': \'0\', \'confidence\': \'0.85\', \'reasoning\': \'The tweet discusses a police incident involving teenagers arrested for curfew violations while riding stolen bicycles. While it mentions a law enforcement action, it does not describe a disaster event or significant emergency as defined in the classification guidelines. The context is more related to a minor crime rather than a disaster-related situation. The use of ""curfew violations"" and ""stolen bicycles"" indicates a local law enforcement issue rather than a disaster event.\'}, \'rounds\': [], \'summary\': \'All expert levels exhausted.\'}', ""{'initial_response': '0  \\n0.85  \\nThe tweet discusses the arrest of teenagers for curfew violations related to riding stolen bicycles. While it mentions a police action, it does not report on a disaster event or significant emergency. The context is more about law enforcement and juvenile delinquency rather than a disaster-related incident. The use of hashtags like #Chicago and #news indicates it is a general news report rather than a disaster report. The confidence score reflects a high certainty that this tweet does not relate to a disaster event.', 'rounds': []}""]","['A4MT', 'A4M2T']"
"Remaining Sections Of Greystone Psychiatric Hospital Under Demolition 
Pic. 85885473 http://t.co/LzlJZZkCfa",0,1,"['0.85', 0.85]","['The tweet discusses the demolition of the remaining sections of Greystone Psychiatric Hospital. While it mentions a demolition, it does not describe a disaster event or significant emergency; rather, it appears to be a routine construction or renovation process. The language used does not indicate any immediate danger or catastrophic event, which aligns with the classification of ""Not Disaster-Related."" The confidence score reflects a high certainty due to the lack of disaster context in the tweet.', 'The tweet mentions the demolition of the Greystone Psychiatric Hospital, which indicates an ongoing construction or renovation activity rather than a disaster event. While the term ""demolition"" can imply destruction, it does not refer to a disaster-related context as defined in the guidelines. The context does not describe a natural disaster, major accident, or significant emergency, but rather a planned and controlled demolition. The confidence score reflects a strong certainty in this classification, as the language used does not suggest an emergency or disaster situation.']","['{\'initial_response\': {\'classification\': \'1\', \'confidence\': \'0.85\', \'reasoning\': \'The tweet discusses the demolition of the remaining sections of Greystone Psychiatric Hospital. While it mentions a demolition, it does not describe a disaster event or significant emergency; rather, it appears to be a routine construction or renovation process. The language used does not indicate any immediate danger or catastrophic event, which aligns with the classification of ""Not Disaster-Related."" The confidence score reflects a high certainty due to the lack of disaster context in the tweet.\'}, \'rounds\': [], \'summary\': \'All expert levels exhausted.\'}', '{\'initial_response\': \'1  \\n0.85  \\nThe tweet mentions the demolition of the Greystone Psychiatric Hospital, which indicates an ongoing construction or renovation activity rather than a disaster event. While the term ""demolition"" can imply destruction, it does not refer to a disaster-related context as defined in the guidelines. The context does not describe a natural disaster, major accident, or significant emergency, but rather a planned and controlled demolition. The confidence score reflects a strong certainty in this classification, as the language used does not suggest an emergency or disaster situation.\', \'rounds\': []}']","['A4MT', 'A4M2T']"
Traffic Collision - No Injury: I5 S at I5 S 43rd Ave offramp South Sac http://t.co/cT9ejXoLpu,1,0,"['0.85', 0.85]","['The tweet reports a traffic collision but specifies that there were no injuries involved. It does not describe a disaster event, as it lacks the severity or impact typically associated with disasters. The language used is straightforward and factual, indicating a minor incident rather than a significant emergency or disaster.', 'The tweet describes a traffic collision but specifies that there were no injuries involved. It does not report on a significant disaster event, as it lacks the severity or impact associated with disaster-related incidents. The context indicates a minor traffic incident rather than a major emergency or disaster.']","[""{'initial_response': {'classification': '0', 'confidence': '0.85', 'reasoning': 'The tweet reports a traffic collision but specifies that there were no injuries involved. It does not describe a disaster event, as it lacks the severity or impact typically associated with disasters. The language used is straightforward and factual, indicating a minor incident rather than a significant emergency or disaster.'}, 'rounds': [], 'summary': 'All expert levels exhausted.'}"", ""{'initial_response': '0  \\n0.85  \\nThe tweet describes a traffic collision but specifies that there were no injuries involved. It does not report on a significant disaster event, as it lacks the severity or impact associated with disaster-related incidents. The context indicates a minor traffic incident rather than a major emergency or disaster.', 'rounds': []}""]","['A4MT', 'A4M2T']"
Who is Tomislav Salopek the Islamic State's Most Recent Hostage? - http://t.co/wiQJERUktF,0,1,"['0.85', 0.85]","['The tweet refers to Tomislav Salopek, who is identified as a hostage of the Islamic State. This indicates a serious situation involving kidnapping and potential violence, which aligns with the classification of a disaster-related event. The context suggests a significant emergency involving terrorism, making it relevant to the study of disaster events. The link provided likely leads to more information about the incident, further supporting its classification as disaster-related.', 'The tweet refers to a hostage situation involving the Islamic State, a recognized terrorist organization. This aligns with the criteria for a disaster-related event, as it involves terrorism and hostage-taking, both of which are significant emergencies. The language is straightforward, indicating a real and serious situation. The presence of a link further suggests that the tweet is reporting on a factual event rather than using metaphorical language. Given the clear reference to a hostage situation involving a terrorist group, the classification should be ""1"" (disaster-related). The confidence score of 0.85 is appropriate given the explicit mention of a hostage situation involving a known terrorist group.']","[""{'initial_response': {'classification': '1', 'confidence': '0.85', 'reasoning': 'The tweet refers to Tomislav Salopek, who is identified as a hostage of the Islamic State. This indicates a serious situation involving kidnapping and potential violence, which aligns with the classification of a disaster-related event. The context suggests a significant emergency involving terrorism, making it relevant to the study of disaster events. The link provided likely leads to more information about the incident, further supporting its classification as disaster-related.'}, 'rounds': [], 'summary': 'All expert levels exhausted.'}"", '{\'initial_response\': {\'classification\': \'0\', \'confidence\': \'2. 0.85\', \'reasoning\': \'3. The tweet refers to Tomislav Salopek, who is identified as a hostage of the Islamic State. This indicates a significant and serious situation involving terrorism and hostage-taking, which aligns with the classification of a disaster-related event. The mention of the Islamic State, a known terrorist organization, adds to the context of a notable criminal case or serious incident, justifying the label ""1."" The link suggests that the tweet is likely reporting on a verifiable event rather than using the language metaphorically.\'}, \'rounds\': [{\'expert_level\': 1, \'round\': 1, \'critic_response\': \'1. **Tweet Content Analysis**: The tweet clearly refers to a hostage situation involving the Islamic State, which is a recognized terrorist organization. This aligns with the criteria for a disaster-related event, as it involves terrorism and hostage-taking, both of which are significant emergencies.\\n\\n2. **Confidence Score Evaluation**: The confidence score of 0.85 seems appropriate given the explicit mention of a hostage situation involving a known terrorist group. The tweet is direct and lacks ambiguity, supporting a high confidence level in the classification.\\n\\n3. **Ambiguities or Language Cues**: There are no significant ambiguities in the tweet. The language is straightforward, indicating a real and serious situation. The presence of a link further suggests that the tweet is reporting on a factual event rather than using metaphorical language.\\n\\n4. **Reasoning and True Label Connection**: The reasoning provided is well-aligned with the guidelines derived from the true labels in the dataset. It correctly identifies the tweet as referring to a disaster-related event due to the involvement of the Islamic State and the hostage situation.\\n\\n**Alternative Classification Suggestion**: Given the clear reference to a hostage situation involving a terrorist group, the classification should be ""1"" (disaster-related). The reasoning should emphasize the seriousness of the situation and the involvement of a known terrorist organization, which aligns with the dataset\\\'s criteria for disaster-related events.\\n\\n**Adjusted Confidence Score**: Maintain the confidence score at 0.85, as the tweet\\\'s content strongly supports\', \'initiator_followup\': \'1\\n0.85\\nThe tweet refers to a hostage situation involving the Islamic State, a recognized terrorist organization. This aligns with the criteria for a disaster-related event, as it involves terrorism and hostage-taking, both of which are significant emergencies. The language is straightforward, indicating a real and serious situation. The presence of a link further suggests that the tweet is reporting on a factual event rather than using metaphorical language. Given the clear reference to a hostage situation involving a terrorist group, the classification should be ""1"" (disaster-related). The confidence score of 0.85 is appropriate given the explicit mention of a hostage situation involving a known terrorist group.\'}], \'summary\': \'Threshold of 0.7 reached at expert level 1 after 1 rounds.\'}']","['A4MT', 'A4M2T']"
a siren just went off and it wasn't the Forney tornado warning ??,1,0,"['0.85', 0.85]","['The tweet uses the term ""siren"" and mentions a ""tornado warning,"" which could imply a disaster context. However, the phrase ""it wasn\'t the Forney tornado warning"" suggests that the siren is not related to an actual disaster event, but rather a false alarm or a different context. The use of the ""??"" emoji indicates a humorous or light-hearted tone, reinforcing that this tweet does not report or describe a verifiable disaster event. Therefore, it should be classified as not disaster-related.', 'The tweet mentions a siren going off, which could imply an emergency alert; however, it specifies that it was not related to a tornado warning. The use of ""siren"" and ""tornado warning"" suggests a context of disaster-related language, but the overall tone and the emoji at the end indicate a humorous or casual approach rather than a serious report of a disaster event. Therefore, it should be classified as not disaster-related.']","['{\'initial_response\': {\'classification\': \'0\', \'confidence\': \'0.85\', \'reasoning\': \'The tweet uses the term ""siren"" and mentions a ""tornado warning,"" which could imply a disaster context. However, the phrase ""it wasn\\\'t the Forney tornado warning"" suggests that the siren is not related to an actual disaster event, but rather a false alarm or a different context. The use of the ""??"" emoji indicates a humorous or light-hearted tone, reinforcing that this tweet does not report or describe a verifiable disaster event. Therefore, it should be classified as not disaster-related.\'}, \'rounds\': [], \'summary\': \'All expert levels exhausted.\'}', '{\'initial_response\': \'0  \\n0.85  \\nThe tweet mentions a siren going off, which could imply an emergency alert; however, it specifies that it was not related to a tornado warning. The use of ""siren"" and ""tornado warning"" suggests a context of disaster-related language, but the overall tone and the emoji at the end indicate a humorous or casual approach rather than a serious report of a disaster event. Therefore, it should be classified as not disaster-related.\', \'rounds\': []}']","['A4MT', 'A4M2T']"
http://t.co/FhI4qBpwFH @FredOlsenCruise Please take the #FaroeIslands off your itinerary until the mass murder of dolphins &amp; whales stops.,0,1,"['0.85', 0.85]","['The tweet expresses concern about the mass murder of dolphins and whales in the Faroe Islands, which is a significant environmental and ethical issue. However, it does not report or describe a specific disaster event; rather, it is a call to action regarding ongoing practices that the author finds objectionable. The language used is more about advocacy against animal cruelty rather than a report of a disaster. The confidence score reflects a strong belief in this interpretation based on the context provided.', 'The tweet expresses concern about the mass murder of dolphins and whales in the Faroe Islands, which indicates a significant issue related to animal rights and environmental concerns. However, it does not report or describe a verifiable disaster event such as a natural disaster, major accident, or significant emergency. Instead, it uses strong language to advocate for a cause, which aligns more with activism rather than reporting on a disaster. The metaphorical use of ""mass murder"" in this context does not refer to a literal disaster event, thus it is classified as ""not disaster-related.""']","[""{'initial_response': {'classification': '1', 'confidence': '0.85', 'reasoning': 'The tweet expresses concern about the mass murder of dolphins and whales in the Faroe Islands, which is a significant environmental and ethical issue. However, it does not report or describe a specific disaster event; rather, it is a call to action regarding ongoing practices that the author finds objectionable. The language used is more about advocacy against animal cruelty rather than a report of a disaster. The confidence score reflects a strong belief in this interpretation based on the context provided.'}, 'rounds': [], 'summary': 'All expert levels exhausted.'}"", '{\'initial_response\': \'1  \\n0.85  \\nThe tweet expresses concern about the mass murder of dolphins and whales in the Faroe Islands, which indicates a significant issue related to animal rights and environmental concerns. However, it does not report or describe a verifiable disaster event such as a natural disaster, major accident, or significant emergency. Instead, it uses strong language to advocate for a cause, which aligns more with activism rather than reporting on a disaster. The metaphorical use of ""mass murder"" in this context does not refer to a literal disaster event, thus it is classified as ""not disaster-related.""\', \'rounds\': []}']","['A4MT', 'A4M2T']"
http://t.co/riWuP1RbHu Jacksonville family bands together as memorial is planned for toddler who ... - FloridaÛ_ http://t.co/86pkNKCHmr,0,1,"['0.85', 0.85]","['The tweet references a memorial being planned for a toddler, which suggests a tragic event has occurred, likely related to a death. However, it does not explicitly state that this is a disaster event such as a natural disaster, major accident, or terrorism. The context implies a personal tragedy rather than a public disaster. The phrase ""bands together"" indicates community support, but it lacks the urgency or scale typically associated with disaster-related events. Thus, it is classified as not disaster-related.', 'The tweet discusses a memorial being planned for a toddler, which suggests a tragic event related to a child\'s death. However, it does not provide specific details about a disaster event, such as a natural disaster, major accident, or significant emergency. The context appears to be more about community support and remembrance rather than a direct report of a disaster event. The lack of explicit disaster-related language leads to a classification of ""not disaster-related.""']","['{\'initial_response\': {\'classification\': \'1\', \'confidence\': \'0.85\', \'reasoning\': \'The tweet references a memorial being planned for a toddler, which suggests a tragic event has occurred, likely related to a death. However, it does not explicitly state that this is a disaster event such as a natural disaster, major accident, or terrorism. The context implies a personal tragedy rather than a public disaster. The phrase ""bands together"" indicates community support, but it lacks the urgency or scale typically associated with disaster-related events. Thus, it is classified as not disaster-related.\'}, \'rounds\': [], \'summary\': \'All expert levels exhausted.\'}', '{\'initial_response\': \'1  \\n0.85  \\nThe tweet discusses a memorial being planned for a toddler, which suggests a tragic event related to a child\\\'s death. However, it does not provide specific details about a disaster event, such as a natural disaster, major accident, or significant emergency. The context appears to be more about community support and remembrance rather than a direct report of a disaster event. The lack of explicit disaster-related language leads to a classification of ""not disaster-related.""\', \'rounds\': []}']","['A4MT', 'A4M2T']"
w--=-=-=-[ NEMA warns Nigerians to prepare for drought http://t.co/5uoOPhSqU3,1,0,"['0.85', 0.85]","['The tweet mentions a warning from NEMA (National Emergency Management Agency) regarding drought preparation, which indicates a potential disaster situation. However, it does not report on an actual disaster event that has occurred; rather, it is a precautionary statement about a possible future event. The language used does not describe a current disaster but rather a warning about one that may happen, which aligns more with a non-disaster-related context. Thus, it is classified as ""0"" with a confidence score of 0.85 due to the uncertainty of the future event.', 'The tweet mentions a warning from NEMA (National Emergency Management Agency) regarding drought preparation. While drought can be a serious environmental issue, the tweet does not describe a specific disaster event that has occurred or is currently happening. Instead, it is a precautionary message about a potential future event. Therefore, it should be classified as ""not disaster-related"" (label ""0""). The confidence score reflects a high level of certainty due to the nature of the content being advisory rather than reporting an actual disaster.']","['{\'initial_response\': {\'classification\': \'0\', \'confidence\': \'0.85\', \'reasoning\': \'The tweet mentions a warning from NEMA (National Emergency Management Agency) regarding drought preparation, which indicates a potential disaster situation. However, it does not report on an actual disaster event that has occurred; rather, it is a precautionary statement about a possible future event. The language used does not describe a current disaster but rather a warning about one that may happen, which aligns more with a non-disaster-related context. Thus, it is classified as ""0"" with a confidence score of 0.85 due to the uncertainty of the future event.\'}, \'rounds\': [], \'summary\': \'All expert levels exhausted.\'}', '{\'initial_response\': \'0  \\n0.85  \\nThe tweet mentions a warning from NEMA (National Emergency Management Agency) regarding drought preparation. While drought can be a serious environmental issue, the tweet does not describe a specific disaster event that has occurred or is currently happening. Instead, it is a precautionary message about a potential future event. Therefore, it should be classified as ""not disaster-related"" (label ""0""). The confidence score reflects a high level of certainty due to the nature of the content being advisory rather than reporting an actual disaster.\', \'rounds\': []}']","['A4MT', 'A4M2T']"
